CustomerID;Age;Gender-Encoded;MS_Single;MS_Married;MS_Divorced;MS_Widowed;IncomeLevel;ChurnStatus;LoginFrequency;Su_MobileApp;SU_Website;SU_OnlineBanking;Total_Amount_Spent;Avg_Amount_Spent;Jumlah_Transaksi;Total_Interaction;Has_Unresolved;Pernah_Complaint;Pernah_Inquiry;Pernah_Feedback;Recency_Days;Recency_Score;Frequency_Score;Monetary_Score;RFM_Score
1;0.86;1;1;0;0;0;1;0;0.69;1;0;0;0.12;0.00;0.00;1;0;0;1;0;0.79;1;1;1;3
2;0.92;1;0;1;0;0;1;1;0.10;0;1;0;0.46;0.00;0.75;1;0;0;1;0;0.12;2;2;2;6
3;0.00;1;1;0;0;0;1;0;0.06;0;1;0;0.50;0.00;0.63;1;0;0;1;0;0.24;1;2;3;6
4;0.06;1;0;0;0;1;1;0;0.04;0;1;0;0.27;0.00;0.50;2;1;0;1;0;0.01;3;2;2;7
5;0.06;1;0;0;1;0;2;0;0.84;0;1;0;0.59;0.00;0.88;0;0;0;0;0;0.03;3;3;3;9
6;0.76;0;0;0;1;0;2;0;0.04;0;1;0;0.34;0.00;0.50;1;0;0;0;1;0.18;2;2;2;6
7;0.18;0;0;1;0;0;3;0;0.65;1;0;0;0.02;0.00;0.00;0;0;0;0;0;0.19;2;1;1;4
8;0.37;1;1;0;0;0;1;1;0.35;0;0;1;0.60;0.00;0.75;2;1;0;1;1;0.15;2;2;3;7
9;0.41;1;0;0;1;0;3;0;0.49;0;1;0;0.39;0.00;0.50;1;0;0;1;0;0.21;2;2;2;6
10;0.98;1;0;1;0;0;3;1;0.59;0;0;1;0.41;0.00;0.75;0;0;0;0;0;0.17;2;2;2;6
11;0.71;1;0;0;1;0;2;0;0.61;0;0;1;0.51;0.00;0.50;2;1;0;0;1;0.05;3;2;3;8
12;0.45;0;0;1;0;0;1;0;0.88;0;1;0;0.02;0.00;0.00;2;1;0;1;1;0.17;2;1;1;4
13;0.12;0;0;0;1;0;1;0;0.20;1;0;0;0.11;0.00;0.25;1;0;1;0;0;0.27;1;2;1;4
14;0.47;1;0;0;0;1;2;0;0.53;0;0;1;0.84;0.00;1.00;2;1;1;0;1;0.15;2;3;3;8
15;0.47;1;0;0;1;0;2;0;0.90;0;0;1;0.56;0.00;0.88;2;1;1;0;1;0.04;3;3;3;9
16;0.24;0;1;0;0;0;2;1;0.84;0;0;1;0.60;0.00;1.00;2;0;0;1;0;0.05;3;3;3;9
17;0.02;1;0;1;0;0;1;0;0.16;0;0;1;0.48;0.00;0.75;2;1;0;1;0;0.10;2;2;3;7
18;0.75;0;0;1;0;0;3;1;0.75;0;1;0;0.28;0.00;0.50;1;1;0;1;0;0.35;1;2;2;5
19;0.76;0;0;0;1;0;3;0;0.80;0;0;1;0.30;0.00;0.50;2;1;1;0;0;0.03;3;2;2;7
20;0.45;1;1;0;0;0;1;0;0.33;0;1;0;0.82;0.00;1.00;1;0;0;0;1;0.04;3;3;3;9
21;0.90;1;0;0;1;0;3;0;0.37;0;1;0;0.27;0.00;0.50;0;0;0;0;0;0.43;1;2;2;5
22;0.47;0;0;0;1;0;1;0;0.86;1;0;0;0.47;0.00;0.63;2;0;0;1;0;0.21;2;2;3;7
23;0.33;0;0;0;1;0;1;0;0.39;1;0;0;0.44;0.75;0.38;2;1;1;0;0;0.15;2;2;2;6
24;0.73;1;0;0;0;1;2;0;0.24;1;0;0;0.34;0.46;0.50;1;0;1;0;0;0.05;3;2;2;7
25;0.49;0;0;1;0;0;1;0;0.55;1;0;0;0.22;0.51;0.25;1;0;0;0;1;0.24;1;2;1;4
26;0.25;1;1;0;0;0;2;1;0.92;1;0;0;0.17;0.38;0.25;1;0;1;0;0;0.01;3;2;1;6
27;0.16;1;0;0;0;1;2;0;0.45;1;0;0;0.65;0.56;0.88;1;1;0;0;1;0.14;2;3;3;8
28;0.18;0;0;0;0;1;3;0;0.86;0;0;1;0.50;0.57;0.63;2;1;1;1;0;0.04;3;2;3;8
29;0.39;0;0;0;1;0;2;0;0.69;0;1;0;0.25;0.57;0.25;2;1;0;1;1;0.28;1;2;2;5
30;1.00;1;0;0;1;0;3;0;0.78;0;1;0;0.21;0.71;0.13;2;1;1;0;0;0.30;1;1;1;3
31;0.31;1;0;0;1;0;1;0;0.47;0;0;1;0.33;0.45;0.50;2;0;1;1;0;0.06;3;2;2;7
32;1.00;0;0;1;0;0;3;0;0.98;1;0;0;0.36;0.49;0.50;0;0;0;0;0;0.25;1;2;2;5
33;0.10;1;0;0;1;0;3;1;0.49;1;0;0;0.20;0.69;0.13;1;0;0;0;1;0.15;2;1;1;4
34;0.29;1;0;0;0;1;3;0;0.90;0;0;1;0.56;0.42;1.00;2;1;0;0;1;0.03;3;3;3;9
35;0.92;1;0;1;0;0;1;0;0.39;1;0;0;0.23;0.52;0.25;1;1;1;0;0;0.32;1;2;1;4
36;0.00;0;0;0;0;1;1;0;0.12;0;0;1;0.39;0.44;0.63;1;0;0;0;1;0.18;2;2;2;6
37;0.35;0;0;1;0;0;2;0;0.06;0;0;1;0.94;0.71;1.00;1;0;1;0;0;0.07;3;3;3;9
38;0.69;0;0;1;0;0;1;0;0.96;0;0;1;0.26;0.59;0.25;1;0;0;1;0;0.07;3;2;2;7
39;0.47;1;0;1;0;0;2;0;0.53;0;0;1;0.35;0.48;0.50;0;0;0;0;0;0.06;3;2;2;7
40;0.96;0;0;0;0;1;1;0;0.41;0;1;0;0.46;0.45;0.75;1;0;1;0;0;0.43;1;2;3;6
41;1.00;0;0;1;0;0;3;1;0.78;1;0;0;0.10;0.37;0.13;1;1;0;1;0;0.90;1;1;1;3
42;0.57;1;0;0;0;1;2;0;0.20;1;0;0;0.15;0.36;0.25;0;0;0;0;0;0.20;2;2;1;5
43;0.37;1;1;0;0;0;1;0;0.51;1;0;0;0.65;0.64;0.75;2;1;0;1;0;0.17;2;2;3;7
44;0.37;0;0;0;0;1;1;0;0.71;1;0;0;0.20;0.46;0.25;1;1;0;0;1;0.11;2;2;1;5
45;0.27;0;0;0;0;1;1;0;1.00;0;0;1;0.09;0.60;0.00;1;1;1;0;0;0.02;3;1;1;5
46;0.76;0;0;1;0;0;3;1;0.49;0;0;1;0.04;0.27;0.00;0;0;0;0;0;0.37;1;1;1;3
47;0.63;0;0;1;0;0;2;0;0.43;0;1;0;0.43;0.42;0.75;0;0;0;0;0;0.12;2;2;2;6
48;0.02;1;0;0;1;0;2;0;0.69;0;1;0;0.47;0.46;0.75;0;0;0;0;0;0.06;3;2;3;8
49;0.18;0;1;0;0;0;2;0;0.37;0;0;1;0.19;0.43;0.25;0;0;0;0;0;0.58;1;2;1;4
50;0.63;0;1;0;0;0;1;0;0.39;0;0;1;0.45;0.76;0.38;2;1;1;0;1;0.06;3;2;2;7
51;0.61;1;0;0;1;0;2;1;0.06;1;0;0;0.16;0.37;0.25;0;0;0;0;0;0.46;1;2;1;4
52;0.20;1;0;0;0;1;2;0;0.12;1;0;0;0.12;0.81;0.00;0;0;0;0;0;0.89;1;1;1;3
53;0.45;0;0;0;0;1;1;0;0.41;1;0;0;0.37;0.36;0.75;0;0;0;0;0;0.01;3;2;2;7
54;0.69;0;0;1;0;0;1;0;0.45;0;0;1;0.13;0.46;0.13;2;0;1;0;1;0.51;1;1;1;3
55;0.22;0;1;0;0;0;1;0;0.67;0;1;0;0.33;0.45;0.50;0;0;0;0;0;0.33;1;2;2;5
56;0.98;0;0;1;0;0;1;0;0.29;1;0;0;0.42;0.58;0.50;0;0;0;0;0;0.05;3;2;2;7
57;0.55;0;0;0;1;0;3;0;0.90;0;0;1;0.17;0.40;0.25;1;1;1;0;0;0.09;2;2;1;5
58;0.67;1;1;0;0;0;3;0;0.18;0;0;1;0.65;0.74;0.63;2;1;1;1;0;0.12;2;2;3;7
59;0.00;1;0;1;0;0;2;0;0.92;0;0;1;0.08;0.20;0.25;0;0;0;0;0;0.08;2;2;1;5
60;0.00;0;1;0;0;0;3;0;0.51;1;0;0;0.23;0.39;0.38;2;1;0;0;1;0.03;3;2;1;6
61;0.71;1;1;0;0;0;1;1;0.96;0;1;0;0.20;0.46;0.25;1;0;1;0;0;0.23;2;2;1;5
62;0.10;0;0;1;0;0;3;0;0.33;1;0;0;0.25;0.42;0.38;2;0;1;1;0;0.10;2;2;2;6
63;0.75;1;0;1;0;0;1;0;0.14;1;0;0;0.65;0.49;1.00;0;0;0;0;0;0.05;3;3;3;9
64;0.78;0;1;0;0;0;3;0;0.22;0;0;1;0.28;0.65;0.25;0;0;0;0;0;0.04;3;2;2;7
65;0.33;0;0;0;1;0;1;0;0.55;1;0;0;0.40;0.55;0.50;0;0;0;0;0;0.12;2;2;2;6
66;0.29;1;0;0;0;1;2;0;0.82;0;0;1;0.41;0.35;0.88;0;0;0;0;0;0.03;3;3;2;8
67;0.08;0;1;0;0;0;2;0;0.35;0;0;1;0.20;0.35;0.38;2;0;0;1;0;0.15;2;2;1;5
68;0.80;0;0;0;1;0;3;1;0.10;0;1;0;0.26;0.45;0.38;2;1;1;1;0;0.15;2;2;2;6
69;0.82;0;1;0;0;0;1;0;0.59;1;0;0;0.30;0.52;0.38;1;0;0;0;1;0.08;3;2;2;7
70;0.61;0;0;1;0;0;2;0;0.20;1;0;0;0.72;0.71;0.75;0;0;0;0;0;0.05;3;2;3;8
71;0.02;0;0;0;1;0;1;1;0.96;0;0;1;0.14;0.32;0.25;2;1;0;1;1;0.16;2;2;1;5
72;0.02;0;0;0;1;0;3;1;0.51;0;0;1;0.32;0.36;0.63;2;1;1;0;0;0.11;2;2;2;6
73;0.76;1;1;0;0;0;1;1;0.49;0;0;1;0.66;0.50;1.00;1;0;0;1;0;0.13;2;3;3;8
74;0.80;1;0;0;0;1;1;0;0.90;1;0;0;0.61;0.52;0.88;1;0;1;0;0;0.35;1;3;3;7
75;0.69;0;1;0;0;0;3;1;0.24;1;0;0;0.23;0.39;0.38;1;0;0;1;0;0.00;3;2;1;6
76;0.75;0;0;0;0;1;2;1;0.10;0;1;0;0.26;0.44;0.38;2;1;1;1;0;0.07;3;2;2;7
77;0.22;1;0;0;1;0;3;0;0.59;0;0;1;0.53;0.45;0.88;0;0;0;0;0;0.08;3;3;3;9
78;0.90;1;0;0;0;1;1;0;0.71;1;0;0;0.24;0.55;0.25;1;1;0;1;0;0.73;1;2;1;4
79;0.35;1;0;1;0;0;3;1;0.47;0;0;1;0.27;0.62;0.25;1;0;1;0;0;0.05;3;2;2;7
80;0.53;1;0;0;0;1;3;0;0.65;1;0;0;0.03;0.22;0.00;0;0;0;0;0;0.76;1;1;1;3
81;0.00;0;0;0;0;1;1;1;0.82;0;1;0;0.64;0.55;0.88;0;0;0;0;0;0.34;1;3;3;7
82;0.27;0;0;0;1;0;3;0;0.39;1;0;0;0.07;0.47;0.00;0;0;0;0;0;0.94;1;1;1;3
83;0.69;1;0;0;0;1;2;0;0.51;1;0;0;0.42;0.48;0.63;2;1;0;0;1;0.22;2;2;2;6
84;0.24;1;0;0;1;0;2;0;0.92;0;0;1;0.45;0.62;0.50;0;0;0;0;0;0.05;3;2;2;7
85;0.82;1;0;1;0;0;3;0;0.75;1;0;0;0.50;0.38;1.00;0;0;0;0;0;0.07;3;3;3;9
86;0.39;1;0;1;0;0;1;0;0.02;0;1;0;0.49;0.48;0.75;0;0;0;0;0;0.08;2;2;3;7
87;0.22;0;1;0;0;0;3;0;0.88;0;1;0;0.42;0.57;0.50;2;1;1;1;0;0.01;3;2;2;7
88;0.08;1;1;0;0;0;3;0;0.26;0;0;1;0.13;0.45;0.13;0;0;0;0;0;0.39;1;1;1;3
89;0.12;1;1;0;0;0;2;0;0.24;1;0;0;0.58;0.56;0.75;0;0;0;0;0;0.23;2;2;3;7
90;0.08;1;0;1;0;0;2;0;0.96;0;0;1;0.36;0.41;0.63;1;0;0;1;0;0.00;3;2;2;7
91;0.92;0;0;0;0;1;1;0;0.88;1;0;0;0.53;0.40;1.00;2;1;0;1;1;0.18;2;3;3;8
92;0.06;0;0;0;1;0;1;0;0.75;1;0;0;0.67;0.57;0.88;2;1;0;1;1;0.06;3;3;3;9
93;0.24;0;0;1;0;0;1;0;0.86;1;0;0;0.25;0.34;0.50;2;0;1;0;0;0.06;3;2;2;7
94;0.71;1;0;0;0;1;3;0;0.84;0;1;0;0.33;0.75;0.25;0;0;0;0;0;0.01;3;2;2;7
95;0.78;0;1;0;0;0;3;0;0.24;0;0;1;0.20;0.45;0.25;1;0;1;0;0;0.15;2;2;1;5
96;0.27;0;0;0;1;0;3;0;0.73;1;0;0;0.05;0.33;0.00;2;1;1;0;0;0.36;1;1;1;3
97;0.29;1;1;0;0;0;3;0;0.78;0;1;0;0.16;0.56;0.13;2;0;1;1;0;0.31;1;1;1;3
98;0.39;0;0;0;1;0;1;0;0.18;1;0;0;0.26;0.36;0.50;1;0;0;0;1;0.14;2;2;2;6
99;0.69;1;0;0;0;1;1;0;0.29;0;0;1;0.26;0.36;0.50;0;0;0;0;0;0.15;2;2;2;6
100;0.45;0;0;1;0;0;1;1;0.92;0;0;1;0.33;0.56;0.38;2;0;1;0;1;0.01;3;2;2;7
101;0.29;0;1;0;0;0;3;0;0.71;0;0;1;0.14;0.99;0.00;2;1;0;1;1;0.58;1;1;1;3
102;0.25;1;0;1;0;0;3;0;0.65;0;0;1;0.60;0.68;0.63;2;1;1;0;1;0.00;3;2;3;8
103;0.41;1;0;0;0;1;1;0;0.94;1;0;0;0.68;0.51;1.00;2;0;0;0;1;0.03;3;3;3;9
104;0.94;0;0;0;0;1;2;1;0.06;0;0;1;0.79;0.60;1.00;2;1;0;1;0;0.03;3;3;3;9
105;0.96;0;0;0;0;1;1;0;0.61;0;1;0;0.55;0.47;0.88;2;1;0;1;0;0.03;3;3;3;9
106;0.10;1;0;1;0;0;3;0;1.00;1;0;0;0.26;0.59;0.25;2;1;1;1;0;0.09;2;2;2;6
107;0.80;0;0;1;0;0;3;1;0.14;0;0;1;0.45;0.52;0.63;0;0;0;0;0;0.10;2;2;2;6
108;0.69;1;0;0;1;0;1;1;0.02;1;0;0;0.14;0.50;0.13;2;1;0;1;1;0.21;2;1;1;4
109;0.00;1;0;1;0;0;2;0;0.41;1;0;0;0.37;0.43;0.63;2;1;1;1;0;0.02;3;2;2;7
110;0.61;1;0;1;0;0;2;1;0.51;0;1;0;0.21;0.48;0.25;2;0;0;1;1;0.14;2;2;1;5
111;0.10;0;0;0;0;1;3;1;0.67;0;1;0;0.18;0.62;0.13;1;1;0;1;0;0.23;1;1;1;3
112;0.59;0;0;0;1;0;3;0;0.71;0;1;0;0.22;0.50;0.25;1;0;0;1;0;0.01;3;2;1;6
113;0.00;0;0;1;0;0;3;0;0.90;0;0;1;0.54;0.53;0.75;1;1;1;0;0;0.21;2;2;3;7
114;0.96;0;0;1;0;0;1;0;0.49;0;1;0;0.63;0.54;0.88;0;0;0;0;0;0.08;3;3;3;9
115;0.98;0;0;0;0;1;3;0;0.29;1;0;0;0.19;0.26;0.50;0;0;0;0;0;0.28;1;2;1;4
116;0.71;1;0;1;0;0;3;0;0.80;1;0;0;0.44;0.43;0.75;1;0;1;0;0;0.03;3;2;2;7
117;0.67;0;0;0;0;1;3;0;0.90;0;0;1;0.13;0.45;0.13;0;0;0;0;0;0.01;3;1;1;5
118;0.94;1;0;0;1;0;2;0;0.69;0;0;1;0.48;0.55;0.63;1;1;0;1;0;0.04;3;2;3;8
119;0.57;1;0;0;0;1;2;1;0.37;1;0;0;0.59;0.51;0.88;2;0;1;0;1;0.16;2;3;3;8
120;0.06;0;0;0;0;1;3;0;0.04;0;0;1;0.34;0.39;0.63;2;1;1;0;1;0.01;3;2;2;7
121;0.67;1;0;0;1;0;2;0;0.78;1;0;0;0.31;0.43;0.50;2;1;1;0;0;0.11;2;2;2;6
122;0.82;0;1;0;0;0;2;1;0.35;1;0;0;0.83;0.63;1.00;1;0;0;0;1;0.04;3;3;3;9
123;0.25;1;0;0;0;1;2;1;0.47;1;0;0;0.28;0.63;0.25;2;0;0;1;0;0.04;3;2;2;7
124;0.94;1;0;1;0;0;2;0;0.67;0;1;0;0.67;0.66;0.75;2;0;0;1;1;0.10;2;2;3;7
125;0.76;1;0;0;0;1;1;0;0.57;0;0;1;0.22;0.75;0.13;0;0;0;0;0;0.35;1;1;1;3
126;0.41;0;0;0;1;0;2;0;0.31;0;1;0;0.69;0.52;1.00;0;0;0;0;0;0.14;2;3;3;8
127;0.18;0;0;1;0;0;2;0;0.22;0;1;0;0.58;0.50;0.88;1;0;0;0;1;0.00;3;3;3;9
128;0.00;0;0;0;1;0;2;1;0.47;0;1;0;0.18;0.63;0.13;2;1;1;0;0;0.67;1;1;1;3
129;0.20;0;0;0;0;1;2;0;0.26;0;1;0;0.07;0.25;0.13;1;0;0;1;0;0.09;2;1;1;4
130;0.98;1;0;0;1;0;1;0;0.96;1;0;0;0.16;0.56;0.13;1;1;0;0;1;0.15;2;1;1;4
131;0.84;0;0;0;1;0;1;0;0.22;0;1;0;0.80;0.69;0.88;1;0;0;1;0;0.25;1;3;3;7
132;0.45;0;1;0;0;0;3;0;0.73;0;1;0;0.55;0.42;1.00;0;0;0;0;0;0.21;2;3;3;8
133;0.04;1;0;0;0;1;2;0;0.78;1;0;0;0.26;0.45;0.38;1;0;0;1;0;0.35;1;2;2;5
134;0.67;1;0;0;0;1;2;0;0.55;1;0;0;0.46;0.53;0.63;1;1;0;1;0;0.01;3;2;2;7
135;0.69;0;0;0;0;1;3;0;0.37;1;0;0;0.13;0.44;0.13;0;0;0;0;0;0.62;1;1;1;3
136;0.59;1;0;0;0;1;1;0;0.82;1;0;0;0.12;0.42;0.13;0;0;0;0;0;0.00;3;1;1;5
137;0.06;0;0;1;0;0;3;1;0.78;0;0;1;0.12;0.87;0.00;0;0;0;0;0;0.55;1;1;1;3
138;0.35;1;0;0;1;0;1;0;0.69;0;0;1;0.83;0.71;0.88;1;1;0;1;0;0.23;2;3;3;8
139;0.90;0;0;0;0;1;3;0;0.45;0;1;0;0.60;0.59;0.75;2;1;0;1;1;0.46;1;2;3;6
140;0.69;1;0;1;0;0;3;0;0.37;1;0;0;0.30;0.69;0.25;1;0;0;0;1;0.31;1;2;2;5
141;0.39;0;0;0;0;1;2;0;0.84;0;0;1;0.73;0.71;0.75;2;0;1;0;0;0.08;3;2;3;8
142;0.33;1;0;0;1;0;3;0;0.37;1;0;0;0.41;0.56;0.50;1;1;0;0;1;0.09;2;2;2;6
143;0.98;0;0;0;0;1;1;0;0.26;0;1;0;0.10;0.35;0.13;1;0;0;1;0;0.84;1;1;1;3
144;0.53;0;0;1;0;0;1;1;0.80;0;0;1;0.12;0.84;0.00;1;0;0;1;0;0.18;2;1;1;4
145;0.27;0;0;1;0;0;3;0;0.33;0;0;1;0.52;0.71;0.50;2;1;1;0;1;0.04;3;2;3;8
146;0.80;0;0;0;1;0;1;0;0.16;1;0;0;0.40;0.55;0.50;0;0;0;0;0;0.02;3;2;2;7
147;0.02;0;0;0;0;1;3;0;0.69;1;0;0;0.67;0.57;0.88;2;1;1;0;1;0.10;2;3;3;8
148;0.71;0;0;1;0;0;2;0;0.59;0;1;0;0.00;0.03;0.00;2;1;1;1;0;0.08;3;1;1;5
149;0.20;1;1;0;0;0;2;0;0.12;0;0;1;0.13;0.90;0.00;1;0;1;0;0;0.70;1;1;1;3
150;0.43;0;0;0;0;1;2;0;0.78;1;0;0;0.35;0.30;0.88;0;0;0;0;0;0.05;3;3;2;8
151;0.84;1;1;0;0;0;2;0;0.73;1;0;0;0.10;0.67;0.00;2;1;0;1;1;0.03;3;1;1;5
152;0.78;0;0;1;0;0;3;0;0.98;1;0;0;0.43;0.42;0.75;0;0;0;0;0;0.05;3;2;2;7
153;0.22;1;0;1;0;0;1;0;0.86;0;0;1;0.51;0.70;0.50;1;1;1;0;0;0.23;2;2;3;7
154;0.04;0;0;0;1;0;3;0;0.53;1;0;0;0.52;0.50;0.75;0;0;0;0;0;0.39;1;2;3;6
155;1.00;1;0;0;1;0;1;0;0.37;0;1;0;0.55;0.47;0.88;2;0;1;0;0;0.21;2;3;3;8
156;0.31;0;0;0;0;1;3;0;0.22;1;0;0;0.21;0.20;0.75;0;0;0;0;0;0.53;1;2;1;4
157;0.63;1;0;1;0;0;1;0;0.55;1;0;0;0.71;0.69;0.75;0;0;0;0;0;0.15;2;2;3;7
158;0.00;0;0;1;0;0;1;0;0.61;0;0;1;0.43;0.42;0.75;0;0;0;0;0;0.20;2;2;2;6
159;0.75;1;0;1;0;0;3;0;0.37;0;1;0;0.00;0.05;0.00;2;1;1;1;0;0.78;1;1;1;3
160;0.37;1;0;1;0;0;2;1;0.88;0;0;1;0.61;0.52;0.88;2;1;1;1;0;0.05;3;3;3;9
161;0.90;1;1;0;0;0;3;0;0.08;1;0;0;0.58;0.67;0.63;1;1;1;0;0;0.34;1;2;3;6
162;0.82;0;0;1;0;0;2;0;0.12;1;0;0;0.12;0.29;0.25;2;1;1;0;1;0.39;1;2;1;4
163;1.00;1;0;0;1;0;3;0;0.45;1;0;0;0.31;0.71;0.25;2;1;0;1;1;0.07;3;2;2;7
164;0.78;0;0;0;0;1;1;1;0.04;0;1;0;0.28;0.38;0.50;1;0;0;0;1;0.21;2;2;2;6
165;0.25;0;0;0;0;1;2;0;0.96;1;0;0;0.05;0.36;0.00;0;0;0;0;0;0.24;1;1;1;3
166;0.59;0;0;0;0;1;1;0;0.98;0;0;1;0.36;0.50;0.50;1;0;0;0;1;0.06;3;2;2;7
167;0.47;0;1;0;0;0;1;0;0.82;0;1;0;0.70;0.59;0.88;1;0;0;0;1;0.01;3;3;3;9
168;0.04;1;0;1;0;0;1;1;0.65;0;1;0;0.33;0.57;0.38;2;1;1;0;0;0.63;1;2;2;5
169;0.06;0;0;0;0;1;3;0;0.80;1;0;0;0.64;0.48;1.00;1;1;0;1;0;0.05;3;3;3;9
170;0.59;1;0;0;1;0;1;1;0.43;0;1;0;0.43;0.42;0.75;1;1;0;1;0;0.03;3;2;2;7
171;0.67;0;1;0;0;0;3;0;0.16;1;0;0;0.75;0.73;0.75;1;0;0;0;1;0.28;1;2;3;6
172;0.84;1;0;1;0;0;2;0;0.51;0;1;0;0.58;0.66;0.63;2;1;1;1;0;0.10;2;2;3;7
173;0.25;0;0;1;0;0;1;0;0.84;1;0;0;0.18;0.41;0.25;1;0;0;1;0;0.23;2;2;1;5
174;0.94;0;0;1;0;0;2;1;0.73;1;0;0;0.53;0.52;0.75;1;1;1;0;0;0.06;3;2;3;8
175;0.78;1;0;1;0;0;2;0;0.08;0;1;0;0.36;0.35;0.75;2;1;0;1;0;0.17;2;2;2;6
176;0.16;0;1;0;0;0;3;1;0.31;0;1;0;0.27;0.31;0.63;0;0;0;0;0;0.04;3;2;2;7
177;0.37;0;0;0;1;0;2;0;0.57;0;1;0;0.12;0.86;0.00;1;1;0;1;0;0.31;1;1;1;3
178;0.61;0;0;1;0;0;3;0;0.41;0;1;0;0.22;0.50;0.25;0;0;0;0;0;0.05;3;2;1;6
179;0.16;0;1;0;0;0;3;0;0.78;0;1;0;0.12;0.42;0.13;0;0;0;0;0;0.88;1;1;1;3
180;0.51;0;1;0;0;0;2;0;0.12;0;0;1;0.59;0.57;0.75;0;0;0;0;0;0.05;3;2;3;8
181;0.04;0;0;0;1;0;2;0;0.61;1;0;0;0.21;0.72;0.13;0;0;0;0;0;0.06;3;1;1;5
182;0.06;0;1;0;0;0;2;0;0.65;0;0;1;0.44;0.60;0.50;2;0;0;1;0;0.19;2;2;2;6
183;0.86;0;1;0;0;0;3;1;1.00;0;0;1;0.33;0.76;0.25;1;0;0;1;0;0.19;2;2;2;6
184;0.27;1;0;0;0;1;3;0;0.84;0;0;1;0.03;0.10;0.13;0;0;0;0;0;0.27;1;1;1;3
185;0.63;0;0;0;0;1;2;0;0.08;0;0;1;0.38;0.43;0.63;2;0;1;1;0;0.04;3;2;2;7
186;0.08;1;0;0;1;0;3;0;0.71;1;0;0;0.13;0.31;0.25;0;0;0;0;0;0.56;1;2;1;4
187;0.06;0;0;0;0;1;2;0;0.61;1;0;0;0.15;0.52;0.13;2;0;1;0;1;0.14;2;1;1;4
188;0.88;1;1;0;0;0;3;0;1.00;1;0;0;0.52;0.59;0.63;2;1;0;1;1;0.08;2;2;3;7
189;0.22;1;1;0;0;0;3;0;0.84;1;0;0;0.17;0.39;0.25;2;1;0;1;1;0.51;1;2;1;4
190;0.43;1;0;0;1;0;1;1;0.45;0;1;0;0.42;0.41;0.75;1;1;0;1;0;0.17;2;2;2;6
191;0.25;0;1;0;0;0;1;0;0.04;0;1;0;0.57;0.56;0.75;2;1;0;1;1;0.13;2;2;3;7
192;0.88;0;0;0;1;0;2;0;0.24;0;1;0;0.34;0.79;0.25;2;1;1;0;1;0.06;3;2;2;7
193;0.22;1;0;0;0;1;1;0;0.69;0;1;0;0.08;0.54;0.00;2;1;0;1;1;0.44;1;1;1;3
194;0.31;0;0;0;0;1;3;0;0.69;0;1;0;0.41;0.56;0.50;0;0;0;0;0;0.31;1;2;2;5
195;0.47;0;0;1;0;0;2;0;0.29;0;1;0;0.50;0.57;0.63;2;1;0;1;1;0.49;1;2;3;6
196;0.57;1;0;0;0;1;1;0;0.80;0;1;0;0.63;0.54;0.88;2;1;1;1;0;0.03;3;3;3;9
197;0.41;0;0;1;0;0;2;1;0.80;0;0;1;0.27;0.47;0.38;2;1;1;1;0;0.06;3;2;2;7
198;0.90;1;0;1;0;0;2;0;0.92;0;0;1;0.43;0.42;0.75;0;0;0;0;0;0.11;2;2;2;6
199;0.49;1;0;1;0;0;3;0;0.12;0;1;0;0.37;0.43;0.63;2;1;1;0;1;0.11;2;2;2;6
200;0.31;0;1;0;0;0;1;0;0.16;0;0;1;0.50;0.57;0.63;2;0;1;1;0;0.16;2;2;3;7
201;0.37;1;0;1;0;0;3;1;0.55;0;0;1;0.28;0.64;0.25;2;1;0;1;1;0.82;1;2;2;5
202;0.65;0;0;0;0;1;2;0;0.24;1;0;0;0.10;0.68;0.00;2;0;0;1;1;0.56;1;1;1;3
203;0.78;0;0;0;1;0;2;0;0.43;0;1;0;0.52;0.59;0.63;2;0;1;0;0;0.04;3;2;3;8
204;0.63;0;0;0;0;1;2;0;0.78;0;0;1;0.13;0.46;0.13;2;1;0;0;1;0.39;1;1;1;3
205;0.71;0;0;0;1;0;1;0;0.08;1;0;0;0.22;0.37;0.38;0;0;0;0;0;0.02;3;2;1;6
206;0.12;1;0;0;0;1;3;0;0.51;1;0;0;0.03;0.20;0.00;0;0;0;0;0;0.31;1;1;1;3
207;0.41;0;0;0;1;0;3;0;0.88;0;1;0;0.53;0.45;0.88;0;0;0;0;0;0.10;2;3;3;8
208;0.61;0;0;0;0;1;1;0;0.49;0;0;1;0.13;0.44;0.13;0;0;0;0;0;0.83;1;1;1;3
209;0.25;0;0;0;1;0;3;0;0.24;1;0;0;0.39;0.67;0.38;0;0;0;0;0;0.07;3;2;2;7
210;0.14;1;0;1;0;0;3;0;0.59;0;0;1;0.51;0.50;0.75;0;0;0;0;0;0.21;2;2;3;7
211;0.47;1;0;0;1;0;2;0;0.71;0;0;1;0.36;0.41;0.63;0;0;0;0;0;0.04;3;2;2;7
212;0.29;0;0;1;0;0;2;0;0.75;0;1;0;0.31;0.30;0.75;1;0;0;0;1;0.01;3;2;2;7
213;0.80;0;0;0;0;1;2;1;0.61;0;1;0;0.62;0.60;0.75;1;0;1;0;0;0.02;3;2;3;8
214;0.35;0;0;0;1;0;1;0;0.84;0;0;1;0.21;0.74;0.13;0;0;0;0;0;0.83;1;1;1;3
215;0.78;0;0;0;1;0;2;0;0.86;0;0;1;0.40;0.45;0.63;2;1;1;1;0;0.05;3;2;2;7
216;0.29;0;0;0;0;1;3;0;0.71;1;0;0;0.46;0.63;0.50;2;0;0;0;1;0.21;2;2;2;6
217;0.22;1;0;1;0;0;1;1;0.02;0;0;1;0.76;0.65;0.88;1;1;0;0;1;0.10;2;3;3;8
218;0.75;0;0;1;0;0;3;0;0.82;1;0;0;0.52;0.51;0.75;0;0;0;0;0;0.04;3;2;3;8
219;0.92;1;1;0;0;0;1;0;0.53;0;0;1;0.48;0.82;0.38;0;0;0;0;0;0.24;1;2;3;6
220;0.57;1;1;0;0;0;3;0;0.71;0;0;1;0.30;0.69;0.25;0;0;0;0;0;0.45;1;2;2;5
221;0.02;0;1;0;0;0;1;1;0.86;1;0;0;0.38;0.64;0.38;1;0;1;0;0;0.68;1;2;2;5
222;0.61;1;0;0;1;0;3;0;0.14;0;1;0;0.50;0.49;0.75;0;0;0;0;0;0.05;3;2;3;8
223;0.86;0;0;0;1;0;2;0;0.08;0;0;1;0.51;0.58;0.63;1;0;0;1;0;0.14;2;2;3;7
224;0.47;1;0;0;1;0;1;0;0.10;0;1;0;0.74;0.63;0.88;0;0;0;0;0;0.11;2;3;3;8
225;0.47;1;0;0;0;1;3;0;0.80;0;0;1;0.78;0.67;0.88;2;1;0;0;1;0.02;3;3;3;9
226;0.06;0;1;0;0;0;3;0;0.22;1;0;0;0.43;0.42;0.75;1;1;0;0;1;0.04;3;2;2;7
227;0.35;1;0;0;0;1;3;1;0.31;0;0;1;0.37;0.36;0.75;0;0;0;0;0;0.03;3;2;2;7
228;0.92;0;1;0;0;0;3;0;0.65;0;1;0;0.64;0.73;0.63;2;1;0;1;1;0.50;1;2;3;6
229;0.06;0;1;0;0;0;2;0;0.75;0;1;0;0.76;0.57;1.00;1;1;0;1;0;0.31;1;3;3;7
230;0.82;0;0;0;1;0;2;1;0.18;0;0;1;0.43;0.49;0.63;2;1;1;0;0;0.10;2;2;2;6
231;0.24;0;0;1;0;0;1;1;0.96;0;0;1;0.40;0.68;0.38;0;0;0;0;0;0.01;3;2;2;7
232;0.75;0;1;0;0;0;1;0;0.65;0;0;1;0.61;0.52;0.88;2;1;0;0;1;0.15;2;3;3;8
233;0.69;0;0;1;0;0;3;0;0.67;0;1;0;0.24;0.55;0.25;2;0;0;1;0;0.13;2;2;1;5
234;0.43;1;0;0;0;1;1;1;0.47;0;0;1;0.46;0.40;0.88;0;0;0;0;0;0.26;1;3;2;6
235;0.10;1;0;0;1;0;3;0;0.31;1;0;0;0.23;0.52;0.25;2;1;0;0;1;0.26;1;2;1;4
236;0.45;0;1;0;0;0;1;1;0.61;0;0;1;0.44;0.50;0.63;2;0;1;0;1;0.04;3;2;2;7
237;0.84;1;0;0;1;0;1;1;0.33;0;0;1;0.12;0.80;0.00;0;0;0;0;0;0.94;1;1;1;3
238;0.63;1;0;0;0;1;3;1;0.45;1;0;0;0.22;0.51;0.25;1;1;0;1;0;0.18;2;2;1;5
239;0.22;0;0;1;0;0;2;1;0.88;1;0;0;0.78;0.59;1.00;1;1;1;0;0;0.05;3;3;3;9
240;0.78;1;0;0;1;0;3;0;0.61;0;0;1;0.25;0.86;0.13;1;0;1;0;0;0.10;2;1;2;5
241;0.39;0;0;0;1;0;2;0;0.02;1;0;0;0.64;0.49;1.00;1;0;1;0;0;0.27;1;3;3;7
242;0.20;0;1;0;0;0;1;1;0.71;0;0;1;0.21;0.49;0.25;2;1;1;0;1;0.13;2;2;1;5
243;0.84;1;0;1;0;0;2;0;0.37;0;1;0;0.70;0.53;1.00;1;1;0;1;0;0.11;2;3;3;8
244;0.73;0;0;0;0;1;3;0;0.31;0;0;1;0.49;0.47;0.75;2;1;1;0;0;0.06;3;2;3;8
245;0.55;0;1;0;0;0;1;0;0.43;0;0;1;0.88;0.66;1.00;0;0;0;0;0;0.14;2;3;3;8
246;0.92;0;0;0;1;0;2;0;0.82;1;0;0;0.34;0.59;0.38;1;0;0;1;0;0.10;2;2;2;6
247;0.78;0;0;0;1;0;2;0;0.04;0;0;1;0.56;0.54;0.75;2;0;1;0;1;0.24;1;2;3;6
248;0.04;1;0;1;0;0;3;1;0.61;0;0;1;0.45;0.61;0.50;1;1;1;0;0;0.11;2;2;2;6
249;0.53;0;0;0;0;1;1;0;0.82;0;1;0;0.10;0.72;0.00;1;1;1;0;0;0.95;1;1;1;3
250;0.37;1;0;0;0;1;1;0;0.65;0;1;0;0.47;0.46;0.75;1;0;0;1;0;0.01;3;2;3;8
251;0.49;0;0;0;1;0;2;1;0.57;0;1;0;0.58;0.57;0.75;1;0;1;0;0;0.07;3;2;3;8
252;0.45;1;0;0;0;1;2;1;0.22;0;0;1;0.29;0.49;0.38;0;0;0;0;0;0.44;1;2;2;5
253;1.00;1;1;0;0;0;2;0;0.14;0;0;1;0.39;0.53;0.50;1;0;1;0;0;0.08;2;2;2;6
254;0.90;0;0;1;0;0;1;1;0.02;1;0;0;0.65;0.50;1.00;2;1;1;1;0;0.06;3;3;3;9
255;0.39;1;0;0;1;0;2;0;0.88;1;0;0;0.79;0.77;0.75;1;1;1;0;0;0.01;3;2;3;8
256;0.57;0;0;0;0;1;2;0;0.57;1;0;0;0.06;0.42;0.00;2;1;0;1;1;0.24;1;1;1;3
257;0.06;0;0;0;0;1;1;0;0.80;0;1;0;0.02;0.19;0.00;1;0;0;1;0;0.97;1;1;1;3
258;0.69;1;1;0;0;0;1;0;0.39;1;0;0;0.24;0.42;0.38;2;1;1;0;1;0.15;2;2;1;5
259;0.76;1;0;0;0;1;3;0;0.80;0;0;1;0.43;0.49;0.63;1;0;0;0;1;0.20;2;2;2;6
260;0.18;1;1;0;0;0;1;1;0.65;0;1;0;0.71;0.60;0.88;1;0;0;1;0;0.17;2;3;3;8
261;0.18;1;0;1;0;0;1;1;1.00;0;0;1;0.14;0.98;0.00;1;1;1;0;0;0.60;1;1;1;3
262;0.80;0;0;0;1;0;3;1;0.61;0;1;0;0.87;0.66;1.00;2;1;0;0;1;0.07;3;3;3;9
263;0.45;1;1;0;0;0;1;0;0.04;0;1;0;0.00;0.03;0.00;2;0;1;0;1;0.14;2;1;1;4
264;0.06;0;0;0;0;1;3;0;0.90;0;0;1;0.15;0.53;0.13;1;0;0;1;0;0.45;1;1;1;3
265;0.90;1;0;0;0;1;1;0;0.88;0;0;1;0.44;0.61;0.50;0;0;0;0;0;0.35;1;2;2;5
266;0.51;1;0;1;0;0;3;0;0.75;0;0;1;0.13;0.92;0.00;1;0;0;1;0;0.72;1;1;1;3
267;0.98;0;1;0;0;0;2;0;0.39;0;0;1;0.13;0.31;0.25;1;1;0;1;0;0.11;2;2;1;5
268;0.86;1;0;0;1;0;2;0;0.53;1;0;0;0.32;0.44;0.50;0;0;0;0;0;0.14;2;2;2;6
269;0.06;0;0;0;0;1;2;0;0.02;1;0;0;0.63;0.47;1.00;2;1;0;0;1;0.05;3;3;3;9
270;0.61;1;1;0;0;0;3;0;0.86;1;0;0;0.21;0.49;0.25;1;1;0;1;0;0.10;2;2;1;5
271;0.18;1;0;0;0;1;2;1;0.57;0;0;1;0.25;0.58;0.25;0;0;0;0;0;0.02;3;2;2;7
272;0.20;0;0;0;1;0;1;1;0.53;0;0;1;0.34;0.29;0.88;2;1;0;1;1;0.29;1;3;2;6
273;0.53;0;1;0;0;0;3;0;0.82;1;0;0;0.46;0.45;0.75;0;0;0;0;0;0.08;3;2;2;7
274;0.88;0;0;0;0;1;1;0;0.71;0;0;1;0.33;0.56;0.38;1;1;0;0;1;0.37;1;2;2;5
275;0.14;0;0;0;1;0;1;0;0.06;0;1;0;0.18;0.41;0.25;2;1;0;1;1;0.59;1;2;1;4
276;0.76;0;1;0;0;0;1;1;0.53;0;0;1;0.61;0.59;0.75;0;0;0;0;0;0.26;1;2;3;6
277;0.41;0;1;0;0;0;3;0;0.67;1;0;0;0.36;0.41;0.63;0;0;0;0;0;0.15;2;2;2;6
278;0.65;0;0;1;0;0;1;0;0.45;0;0;1;0.42;0.57;0.50;1;1;0;0;1;0.37;1;2;2;5
279;0.86;1;0;0;1;0;2;0;0.12;1;0;0;0.36;0.61;0.38;1;0;0;1;0;0.54;1;2;2;5
280;0.67;0;1;0;0;0;3;0;0.86;0;0;1;0.24;0.42;0.38;2;1;1;1;0;0.13;2;2;2;6
281;0.67;1;0;1;0;0;2;0;0.69;0;0;1;0.46;0.39;0.88;1;0;0;1;0;0.30;1;3;2;6
282;0.47;1;1;0;0;0;3;1;0.06;0;0;1;0.59;0.81;0.50;1;0;0;0;1;0.08;3;2;3;8
283;0.65;0;0;0;0;1;1;1;0.35;0;0;1;0.40;0.55;0.50;0;0;0;0;0;0.06;3;2;2;7
284;0.10;1;0;1;0;0;2;0;0.12;1;0;0;0.50;0.56;0.63;0;0;0;0;0;0.44;1;2;3;6
285;0.78;1;1;0;0;0;3;0;0.86;1;0;0;0.30;0.41;0.50;0;0;0;0;0;0.05;3;2;2;7
286;0.71;0;0;0;0;1;1;1;0.10;0;1;0;0.15;0.52;0.13;2;1;0;0;1;0.07;3;1;1;5
287;0.00;1;0;0;0;1;1;0;0.41;0;1;0;0.18;0.62;0.13;2;1;0;1;0;0.05;3;1;1;5
288;0.22;0;0;0;0;1;3;0;0.02;0;1;0;0.65;0.56;0.88;2;1;1;1;0;0.09;2;3;3;8
289;0.67;1;0;1;0;0;3;0;0.49;1;0;0;0.01;0.06;0.00;0;0;0;0;0;0.58;1;1;1;3
290;0.10;1;0;0;0;1;3;0;0.18;1;0;0;0.12;0.81;0.00;1;1;0;1;0;0.02;3;1;1;5
291;0.31;0;0;0;1;0;3;0;0.31;0;1;0;0.46;0.53;0.63;2;1;1;0;1;0.21;2;2;2;6
292;0.16;1;1;0;0;0;2;0;0.75;0;1;0;0.72;0.61;0.88;2;1;0;0;1;0.03;3;3;3;9
293;0.02;1;0;0;1;0;3;0;0.37;1;0;0;0.06;0.42;0.00;0;0;0;0;0;0.69;1;1;1;3
294;0.33;0;0;0;0;1;1;0;0.45;0;0;1;0.55;0.63;0.63;1;0;0;1;0;0.08;2;2;3;7
295;0.94;0;0;0;0;1;2;0;0.22;0;1;0;0.28;0.64;0.25;0;0;0;0;0;0.33;1;2;2;5
296;0.69;1;0;0;1;0;1;0;0.78;1;0;0;0.07;0.53;0.00;1;1;0;1;0;0.58;1;1;1;3
297;0.53;1;0;1;0;0;1;0;0.06;1;0;0;0.50;0.43;0.88;0;0;0;0;0;0.28;1;3;3;7
298;0.78;0;0;0;0;1;3;0;0.59;0;1;0;0.38;0.44;0.63;1;1;0;0;1;0.44;1;2;2;5
299;0.71;1;0;0;0;1;2;0;0.94;1;0;0;0.00;0.02;0.00;2;1;0;1;0;0.11;2;1;1;4
300;0.94;0;0;0;1;0;3;0;0.65;0;1;0;0.27;0.47;0.38;2;0;0;1;1;0.42;1;2;2;5
301;0.49;0;0;0;0;1;1;0;0.69;0;0;1;0.38;0.44;0.63;1;0;0;1;0;0.05;3;2;2;7
302;0.06;1;0;0;0;1;3;0;0.16;0;1;0;0.27;0.47;0.38;2;0;0;1;1;0.26;1;2;2;5
303;0.76;0;0;1;0;0;3;0;0.69;0;0;1;0.28;0.64;0.25;1;0;1;0;0;0.67;1;2;2;5
304;0.69;0;0;1;0;0;3;0;0.10;0;0;1;0.20;0.47;0.25;1;1;0;1;0;0.30;1;2;1;4
305;0.98;1;0;1;0;0;3;0;0.18;1;0;0;0.08;0.58;0.00;0;0;0;0;0;0.55;1;1;1;3
306;0.59;0;0;1;0;0;3;0;0.35;1;0;0;0.67;0.51;1.00;0;0;0;0;0;0.07;3;3;3;9
307;0.57;1;0;1;0;0;3;0;0.41;1;0;0;0.42;0.71;0.38;1;0;1;0;0;0.03;3;2;2;7
308;0.96;1;0;0;0;1;2;0;0.86;1;0;0;0.53;0.52;0.75;0;0;0;0;0;0.04;3;2;3;8
309;0.65;1;1;0;0;0;3;0;0.55;0;0;1;0.41;0.56;0.50;1;0;0;1;0;0.17;2;2;2;6
310;0.35;0;0;0;0;1;2;0;0.10;0;0;1;0.31;0.53;0.38;0;0;0;0;0;0.05;3;2;2;7
311;0.33;1;0;0;0;1;3;1;0.94;1;0;0;0.17;0.24;0.50;2;0;1;0;0;0.27;1;2;1;4
312;0.57;1;1;0;0;0;2;0;0.59;0;1;0;0.08;0.28;0.13;2;1;0;1;1;0.80;1;1;1;3
313;0.39;1;0;0;1;0;1;0;0.22;0;0;1;0.01;0.07;0.00;0;0;0;0;0;0.19;2;1;1;4
314;0.04;1;1;0;0;0;2;0;0.53;1;0;0;0.16;0.54;0.13;1;1;0;1;0;0.19;2;1;1;4
315;0.10;0;0;1;0;0;2;1;0.47;1;0;0;0.18;0.60;0.13;1;1;1;0;0;0.14;2;1;1;4
316;0.73;0;0;0;0;1;1;0;0.37;1;0;0;0.19;0.16;0.88;0;0;0;0;0;0.28;1;3;1;5
317;0.24;1;0;1;0;0;3;0;0.41;0;1;0;0.14;0.31;0.25;2;1;1;0;0;0.48;1;2;1;4
318;0.86;0;1;0;0;0;3;0;0.90;0;1;0;0.63;0.54;0.88;0;0;0;0;0;0.03;3;3;3;9
319;0.04;0;0;0;1;0;2;0;0.43;0;0;1;0.14;0.96;0.00;0;0;0;0;0;0.39;1;1;1;3
320;0.92;0;0;0;1;0;3;0;0.53;0;0;1;0.24;0.83;0.13;2;1;1;0;1;0.03;3;1;1;5
321;0.53;1;0;0;0;1;3;0;0.65;0;0;1;0.59;0.45;1.00;2;1;1;0;1;0.07;3;3;3;9
322;0.41;0;1;0;0;0;1;0;0.02;0;0;1;0.02;0.12;0.00;2;1;0;1;1;0.59;1;1;1;3
323;0.76;0;0;1;0;0;3;1;0.04;0;1;0;0.25;0.42;0.38;1;0;0;1;0;0.06;3;2;2;7
324;0.76;0;0;1;0;0;3;0;0.08;1;0;0;0.40;0.46;0.63;2;1;1;0;0;0.17;2;2;2;6
325;0.22;0;0;0;1;0;2;0;0.84;0;0;1;0.16;0.56;0.13;2;1;1;0;0;0.11;2;1;1;4
326;0.43;0;0;0;0;1;3;0;0.20;0;1;0;0.18;0.41;0.25;0;0;0;0;0;0.30;1;2;1;4
327;0.59;1;1;0;0;0;3;0;0.57;0;1;0;0.12;0.41;0.13;2;1;1;1;0;0.01;3;1;1;5
328;0.33;0;0;1;0;0;2;0;1.00;1;0;0;0.25;0.34;0.50;0;0;0;0;0;0.09;2;2;2;6
329;0.12;0;0;0;1;0;2;0;0.75;0;0;1;0.70;0.59;0.88;1;1;0;0;1;0.10;2;3;3;8
330;0.14;1;0;0;0;1;2;0;0.35;1;0;0;0.76;0.58;1.00;0;0;0;0;0;0.12;2;3;3;8
331;0.35;1;0;0;1;0;3;0;0.61;0;1;0;0.27;0.37;0.50;2;1;1;0;1;0.03;3;2;2;7
332;0.55;1;0;0;0;1;3;0;0.12;0;1;0;0.46;0.63;0.50;0;0;0;0;0;0.20;2;2;3;7
333;0.84;1;1;0;0;0;3;0;0.22;0;1;0;0.72;0.70;0.75;2;1;1;1;0;0.15;2;2;3;7
334;0.37;0;0;0;1;0;3;0;0.22;0;0;1;0.51;0.58;0.63;1;0;1;0;0;0.11;2;2;3;7
335;0.96;0;0;1;0;0;3;1;0.04;1;0;0;0.22;0.76;0.13;2;0;0;0;1;0.07;3;1;1;5
336;0.80;0;0;0;0;1;3;0;0.41;1;0;0;0.04;0.27;0.00;0;0;0;0;0;0.03;3;1;1;5
337;0.57;0;0;0;1;0;2;0;0.69;0;1;0;0.18;0.61;0.13;0;0;0;0;0;0.02;3;1;1;5
338;0.90;0;0;0;0;1;2;0;0.84;1;0;0;0.00;0.03;0.00;0;0;0;0;0;0.09;2;1;1;4
339;0.41;1;0;0;1;0;3;0;0.02;0;1;0;0.20;0.34;0.38;1;0;0;0;1;0.10;2;2;1;5
340;0.18;0;0;0;1;0;1;0;0.98;1;0;0;0.34;0.38;0.63;1;1;1;0;0;0.15;2;2;2;6
341;0.49;1;1;0;0;0;2;0;0.55;0;0;1;0.30;0.34;0.63;1;0;0;0;1;0.25;1;2;2;5
342;0.98;1;0;1;0;0;3;1;0.53;0;0;1;0.68;0.66;0.75;1;0;0;0;1;0.10;2;2;3;7
343;0.63;1;0;0;1;0;2;0;0.53;0;0;1;0.27;0.62;0.25;2;0;0;1;1;0.54;1;2;2;5
344;0.53;0;1;0;0;0;1;0;0.16;1;0;0;0.43;0.49;0.63;2;1;1;0;1;0.16;2;2;2;6
345;0.18;0;0;0;0;1;2;0;0.59;0;0;1;0.58;0.50;0.88;1;0;0;1;0;0.37;1;3;3;7
346;0.55;1;0;0;0;1;2;0;0.35;0;0;1;0.48;0.55;0.63;1;1;0;1;0;0.09;2;2;3;7
347;0.84;1;0;0;1;0;2;0;0.67;1;0;0;0.58;0.44;1.00;2;1;1;0;1;0.03;3;3;3;9
348;0.33;1;0;1;0;0;2;0;0.02;0;0;1;0.21;0.71;0.13;1;0;1;0;0;0.62;1;1;1;3
349;0.80;1;0;0;0;1;3;0;0.49;1;0;0;0.40;0.46;0.63;2;0;1;0;0;0.29;1;2;2;5
350;0.00;1;0;0;1;0;1;0;0.51;0;0;1;0.80;0.60;1.00;1;1;1;0;0;0.02;3;3;3;9
351;0.43;1;0;0;0;1;3;1;0.02;1;0;0;0.17;0.59;0.13;1;1;1;0;0;0.38;1;1;1;3
352;0.31;0;1;0;0;0;2;0;0.53;0;1;0;0.44;0.60;0.50;2;1;1;0;0;0.17;2;2;2;6
353;0.82;1;0;0;1;0;2;1;0.33;0;0;1;0.08;0.54;0.00;2;1;0;1;1;0.82;1;1;1;3
354;0.71;1;0;0;1;0;2;0;1.00;0;0;1;0.09;0.22;0.25;1;1;0;0;1;0.68;1;2;1;4
355;0.59;1;0;0;1;0;1;0;0.67;0;1;0;0.11;0.74;0.00;2;1;1;1;0;0.79;1;1;1;3
356;0.47;1;1;0;0;0;1;0;0.57;1;0;0;0.68;0.58;0.88;0;0;0;0;0;0.05;3;3;3;9
357;0.06;1;0;0;1;0;3;0;0.92;0;0;1;0.23;0.39;0.38;2;1;0;1;1;0.07;3;2;1;6
358;1.00;0;0;0;1;0;2;1;0.49;1;0;0;0.67;0.51;1.00;1;1;1;0;0;0.03;3;3;3;9
359;0.16;1;1;0;0;0;1;0;0.73;0;1;0;0.64;0.54;0.88;1;0;1;0;0;0.19;2;3;3;8
360;0.53;0;0;0;0;1;2;0;0.29;0;0;1;0.51;0.44;0.88;2;0;1;0;1;0.09;2;3;3;8
361;0.57;1;1;0;0;0;3;0;1.00;1;0;0;0.69;0.53;1.00;0;0;0;0;0;0.02;3;3;3;9
362;0.90;1;0;1;0;0;3;1;0.10;1;0;0;0.14;0.47;0.13;2;1;1;0;1;0.16;2;1;1;4
363;0.45;0;1;0;0;0;1;0;0.55;0;0;1;0.45;0.34;1.00;1;0;1;0;0;0.18;2;3;2;7
364;0.63;1;0;0;0;1;3;0;0.29;1;0;0;0.08;0.58;0.00;2;0;0;1;0;0.69;1;1;1;3
365;0.37;0;0;0;1;0;1;1;0.49;0;0;1;0.35;0.30;0.88;1;0;0;0;1;0.06;3;3;2;8
366;0.16;0;0;0;1;0;2;0;0.94;0;1;0;0.74;0.63;0.88;0;0;0;0;0;0.00;3;3;3;9
367;0.14;0;1;0;0;0;1;0;0.57;1;0;0;0.65;0.63;0.75;1;1;1;0;0;0.01;3;2;3;8
368;0.45;0;0;1;0;0;3;0;0.16;0;0;1;0.57;0.65;0.63;0;0;0;0;0;0.05;3;2;3;8
369;0.25;0;1;0;0;0;2;0;0.71;0;1;0;0.99;0.75;1.00;1;1;0;1;0;0.06;3;3;3;9
370;0.33;0;0;1;0;0;3;0;0.96;0;0;1;0.36;0.42;0.63;2;1;0;1;1;0.03;3;2;2;7
371;0.00;1;1;0;0;0;2;0;0.71;0;1;0;0.43;0.59;0.50;2;0;0;0;1;0.01;3;2;2;7
372;0.22;0;0;1;0;0;2;0;0.47;0;1;0;0.01;0.07;0.00;2;1;1;0;1;0.53;1;1;1;3
373;0.55;1;0;1;0;0;2;0;0.26;0;0;1;0.08;0.27;0.13;1;1;1;0;0;0.66;1;1;1;3
374;0.71;1;0;0;1;0;2;0;0.96;0;0;1;0.63;0.48;1.00;0;0;0;0;0;0.06;3;3;3;9
375;0.49;0;0;1;0;0;3;0;0.35;0;1;0;0.04;0.27;0.00;1;1;0;0;1;0.74;1;1;1;3
376;0.63;0;0;0;1;0;1;0;0.63;0;1;0;0.34;0.58;0.38;1;0;1;0;0;0.11;2;2;2;6
377;0.82;0;1;0;0;0;2;0;0.20;0;0;1;0.70;0.60;0.88;2;1;0;1;1;0.02;3;3;3;9
378;0.27;1;1;0;0;0;3;0;0.73;0;1;0;0.39;0.67;0.38;2;1;1;0;1;0.09;2;2;2;6
379;0.43;0;1;0;0;0;3;0;0.59;0;0;1;0.47;0.40;0.88;1;0;1;0;0;0.31;1;3;3;7
380;0.55;0;1;0;0;0;3;0;0.33;1;0;0;0.34;0.39;0.63;0;0;0;0;0;0.24;1;2;2;5
381;0.39;1;1;0;0;0;1;1;0.67;0;1;0;0.32;0.55;0.38;1;0;0;1;0;0.13;2;2;2;6
382;0.35;0;0;0;1;0;3;0;0.29;1;0;0;0.73;0.55;1.00;1;0;0;1;0;0.05;3;3;3;9
383;0.08;1;1;0;0;0;3;0;0.14;0;0;1;0.23;0.40;0.38;2;1;1;0;1;0.24;1;2;1;4
384;0.43;0;0;1;0;0;1;0;0.67;0;1;0;0.10;0.34;0.13;2;1;1;1;0;0.88;1;1;1;3
385;0.69;1;0;0;0;1;3;1;0.06;1;0;0;0.39;0.67;0.38;0;0;0;0;0;0.63;1;2;2;5
386;0.37;0;0;0;1;0;3;0;0.53;0;1;0;0.23;0.39;0.38;1;0;0;1;0;0.46;1;2;1;4
387;0.14;1;0;1;0;0;1;0;0.80;0;1;0;0.01;0.10;0.00;2;1;1;1;0;0.01;3;1;1;5
388;0.16;0;0;0;0;1;1;1;0.10;0;0;1;0.53;0.45;0.88;0;0;0;0;0;0.10;2;3;3;8
389;0.25;0;0;0;0;1;1;1;0.47;0;0;1;0.15;0.35;0.25;0;0;0;0;0;0.35;1;2;1;4
390;0.10;1;0;0;1;0;2;0;0.67;1;0;0;0.08;0.57;0.00;0;0;0;0;0;0.12;2;1;1;4
391;0.00;0;0;1;0;0;1;0;0.61;1;0;0;0.59;0.57;0.75;0;0;0;0;0;0.15;2;2;3;7
392;0.16;0;0;0;0;1;2;0;0.67;1;0;0;0.45;0.44;0.75;1;0;0;1;0;0.04;3;2;2;7
393;0.29;1;0;0;0;1;2;0;0.88;0;1;0;0.58;0.49;0.88;1;0;0;1;0;0.24;1;3;3;7
394;0.29;1;0;0;1;0;1;0;0.51;0;0;1;0.69;0.59;0.88;2;1;1;0;1;0.02;3;3;3;9
395;0.22;0;1;0;0;0;2;1;0.45;0;0;1;0.20;0.68;0.13;2;1;1;0;1;0.04;3;1;1;5
396;0.08;1;0;0;0;1;3;1;0.02;0;0;1;0.25;0.58;0.25;2;1;1;0;0;0.07;3;2;2;7
397;0.76;0;0;0;1;0;3;0;0.20;0;0;1;0.69;0.52;1.00;0;0;0;0;0;0.04;3;3;3;9
398;0.55;0;0;0;1;0;1;0;0.47;0;0;1;0.49;0.56;0.63;1;0;0;0;1;0.10;2;2;3;7
399;0.88;1;0;1;0;0;2;0;0.67;0;1;0;0.17;0.57;0.13;1;0;0;1;0;0.01;3;1;1;5
400;0.51;1;0;0;1;0;3;0;0.80;0;0;1;0.68;0.58;0.88;0;0;0;0;0;0.10;2;3;3;8
401;0.20;0;0;0;1;0;2;0;0.57;0;1;0;0.37;0.64;0.38;2;1;1;0;1;0.16;2;2;2;6
402;0.90;1;1;0;0;0;2;1;0.88;1;0;0;0.18;0.61;0.13;2;1;0;1;1;0.52;1;1;1;3
403;0.96;0;0;0;0;1;3;0;0.16;0;0;1;0.48;0.47;0.75;2;0;1;0;1;0.04;3;2;3;8
404;0.53;1;0;1;0;0;1;1;0.55;1;0;0;0.82;0.62;1.00;1;0;1;0;0;0.04;3;3;3;9
405;1.00;0;0;0;1;0;2;0;0.10;0;0;1;0.15;0.34;0.25;0;0;0;0;0;0.21;2;2;1;5
406;0.69;0;0;1;0;0;3;0;0.31;0;1;0;0.59;0.51;0.88;2;1;1;0;0;0.32;1;3;3;7
407;0.80;0;0;0;0;1;1;1;0.98;1;0;0;0.80;0.61;1.00;1;1;1;0;0;0.06;3;3;3;9
408;0.35;0;0;0;1;0;2;0;0.45;0;0;1;0.62;0.60;0.75;2;1;1;0;1;0.09;2;2;3;7
409;0.67;0;0;0;1;0;2;0;0.71;1;0;0;0.45;0.34;1.00;1;1;0;0;1;0.14;2;3;2;7
410;1.00;0;0;1;0;0;2;0;0.61;0;0;1;0.42;0.48;0.63;1;1;0;1;0;0.22;2;2;2;6
411;0.59;0;1;0;0;0;2;1;0.98;0;1;0;0.02;0.18;0.00;0;0;0;0;0;0.72;1;1;1;3
412;0.84;1;0;0;0;1;1;0;0.90;0;1;0;0.05;0.37;0.00;0;0;0;0;0;0.89;1;1;1;3
413;0.35;1;0;0;0;1;2;0;0.67;0;1;0;0.47;0.64;0.50;2;1;0;1;1;0.61;1;2;3;6
414;0.88;1;0;0;0;1;3;0;0.61;0;0;1;0.44;0.43;0.75;1;0;0;0;1;0.05;3;2;2;7
415;0.45;0;0;0;1;0;3;0;0.73;0;0;1;0.10;0.71;0.00;1;0;0;1;0;0.49;1;1;1;3
416;0.02;1;0;0;1;0;3;0;0.33;0;0;1;0.42;0.58;0.50;2;1;1;0;1;0.15;2;2;2;6
417;0.12;1;0;0;1;0;1;0;0.78;0;1;0;0.26;0.59;0.25;0;0;0;0;0;0.18;2;2;2;6
418;0.82;1;0;1;0;0;3;0;0.47;0;0;1;0.38;0.86;0.25;2;1;1;1;0;0.21;2;2;2;6
419;0.94;1;0;0;0;1;2;1;0.75;0;0;1;0.37;0.50;0.50;0;0;0;0;0;0.14;2;2;2;6
420;0.59;0;0;0;0;1;2;0;0.75;0;1;0;0.63;0.54;0.88;2;0;1;0;1;0.21;2;3;3;8
421;0.31;0;0;0;0;1;3;0;0.57;1;0;0;0.17;0.60;0.13;1;1;1;0;0;0.07;3;1;1;5
422;0.51;1;1;0;0;0;1;1;0.29;1;0;0;0.52;0.51;0.75;1;0;0;0;1;0.03;3;2;3;8
423;0.69;0;0;0;1;0;1;0;0.08;1;0;0;0.39;0.54;0.50;0;0;0;0;0;0.09;2;2;2;6
424;0.96;0;0;0;0;1;2;0;0.80;0;1;0;0.28;0.28;0.75;1;1;0;1;0;0.24;1;2;2;5
425;0.82;0;0;0;0;1;2;0;0.67;0;1;0;0.52;0.40;1.00;2;1;1;1;0;0.25;1;3;3;7
426;0.18;0;0;0;1;0;3;0;0.63;0;1;0;0.43;0.42;0.75;0;0;0;0;0;0.11;2;2;2;6
427;0.86;0;0;0;1;0;1;0;0.26;0;0;1;0.15;0.35;0.25;2;0;0;1;1;0.08;3;2;1;6
428;0.25;1;0;0;0;1;3;0;0.73;1;0;0;0.71;0.61;0.88;2;1;1;0;1;0.57;1;3;3;7
429;0.12;0;0;1;0;0;2;0;0.20;1;0;0;0.40;0.55;0.50;2;1;1;0;0;0.03;3;2;2;7
430;0.75;1;0;1;0;0;2;0;0.96;0;0;1;0.04;0.30;0.00;2;1;0;1;1;0.11;2;1;1;4
431;0.76;0;0;1;0;0;3;0;0.63;0;1;0;0.07;0.24;0.13;1;0;0;0;1;0.06;3;1;1;5
432;0.16;1;0;1;0;0;1;0;0.53;1;0;0;0.54;0.53;0.75;0;0;0;0;0;0.09;2;2;3;7
433;0.25;1;1;0;0;0;2;1;0.29;1;0;0;0.38;0.52;0.50;0;0;0;0;0;0.24;1;2;2;5
434;0.14;0;0;1;0;0;2;0;0.08;1;0;0;0.01;0.08;0.00;2;1;0;0;1;0.61;1;1;1;3
435;0.31;1;0;0;0;1;1;0;0.67;0;0;1;0.14;0.98;0.00;1;0;1;0;0;0.94;1;1;1;3
436;0.43;0;0;0;0;1;2;0;0.96;0;1;0;0.16;0.36;0.25;2;1;0;0;1;0.34;1;2;1;4
437;0.29;1;0;0;0;1;1;0;0.26;0;1;0;0.50;0.43;0.88;0;0;0;0;0;0.11;2;3;3;8
438;0.49;1;0;1;0;0;1;0;0.98;0;1;0;0.63;0.61;0.75;1;0;1;0;0;0.07;3;2;3;8
439;0.16;0;0;0;1;0;2;0;0.84;0;0;1;0.40;0.39;0.75;2;1;1;1;0;0.11;2;2;2;6
440;0.69;1;0;0;0;1;3;0;0.69;0;0;1;0.57;0.48;0.88;2;1;0;1;1;0.07;3;3;3;9
441;0.12;0;0;1;0;0;2;1;0.88;1;0;0;0.76;0.64;0.88;1;1;1;0;0;0.00;3;3;3;9
442;0.33;1;1;0;0;0;2;0;0.71;1;0;0;0.12;0.83;0.00;1;0;0;1;0;0.26;1;1;1;3
443;0.14;0;1;0;0;0;2;0;0.57;0;1;0;0.33;0.45;0.50;0;0;0;0;0;0.34;1;2;2;5
444;0.39;1;0;0;0;1;2;0;0.63;1;0;0;0.11;0.39;0.13;0;0;0;0;0;0.06;3;1;1;5
445;0.49;1;0;0;1;0;3;0;0.61;0;0;1;0.29;0.40;0.50;2;1;0;1;1;0.18;2;2;2;6
446;0.04;0;1;0;0;0;3;0;0.65;1;0;0;0.45;0.51;0.63;2;1;0;1;1;0.31;1;2;2;5
447;0.31;0;0;1;0;0;3;0;0.26;0;1;0;0.05;0.34;0.00;0;0;0;0;0;0.00;3;1;1;5
448;0.98;1;0;1;0;0;1;0;0.84;1;0;0;0.43;0.42;0.75;0;0;0;0;0;0.07;3;2;2;7
449;0.88;0;1;0;0;0;3;0;0.69;1;0;0;0.43;0.59;0.50;2;1;1;1;0;0.25;1;2;2;5
450;0.45;1;0;0;0;1;1;1;0.16;0;1;0;0.45;0.61;0.50;0;0;0;0;0;0.04;3;2;2;7
451;0.47;1;0;0;0;1;2;0;0.86;1;0;0;0.11;0.37;0.13;2;1;1;1;0;0.38;1;1;1;3
452;0.08;1;1;0;0;0;3;0;0.51;0;0;1;0.69;0.59;0.88;1;1;1;0;0;0.06;3;3;3;9
453;0.71;0;0;1;0;0;3;0;0.67;0;0;1;0.10;0.70;0.00;0;0;0;0;0;0.43;1;1;1;3
454;0.86;0;0;0;1;0;3;0;0.20;0;0;1;0.14;0.48;0.13;0;0;0;0;0;0.01;3;1;1;5
455;0.96;0;0;1;0;0;3;0;0.82;0;1;0;0.16;0.38;0.25;2;0;1;0;1;0.04;3;2;1;6
456;0.45;1;0;0;1;0;3;0;0.69;1;0;0;0.71;0.54;1.00;1;1;1;0;0;0.11;2;3;3;8
457;0.59;1;0;0;1;0;2;0;0.90;0;1;0;0.51;0.44;0.88;2;1;1;0;1;0.21;2;3;3;8
458;0.49;1;1;0;0;0;3;0;0.67;0;1;0;0.82;0.62;1.00;0;0;0;0;0;0.26;1;3;3;7
459;0.39;0;0;0;0;1;1;0;0.10;1;0;0;0.02;0.13;0.00;1;1;0;0;1;0.28;1;1;1;3
460;0.65;1;0;0;1;0;1;0;0.92;0;0;1;0.10;0.68;0.00;2;1;0;0;1;0.68;1;1;1;3
461;0.73;0;0;1;0;0;3;0;0.55;0;0;1;0.13;0.91;0.00;2;1;0;1;1;0.97;1;1;1;3
462;0.45;0;0;0;0;1;1;1;0.16;0;0;1;0.11;0.26;0.25;0;0;0;0;0;0.64;1;2;1;4
463;0.53;0;0;0;0;1;3;0;0.14;0;0;1;0.49;0.48;0.75;0;0;0;0;0;0.06;3;2;3;8
464;0.57;0;0;1;0;0;2;0;0.45;0;1;0;0.64;0.48;1.00;0;0;0;0;0;0.09;2;3;3;8
465;0.65;0;1;0;0;0;1;0;0.94;0;1;0;0.36;0.61;0.38;0;0;0;0;0;0.00;3;2;2;7
466;1.00;1;0;0;0;1;3;1;0.57;0;0;1;0.57;0.48;0.88;0;0;0;0;0;0.18;2;3;3;8
467;1.00;1;0;0;1;0;1;0;0.18;0;1;0;0.32;0.56;0.38;1;0;0;0;1;0.10;2;2;2;6
468;0.43;1;0;1;0;0;3;0;0.63;0;0;1;0.24;0.41;0.38;0;0;0;0;0;0.62;1;2;1;4
469;0.14;1;0;0;1;0;1;1;0.08;1;0;0;0.48;0.55;0.63;2;1;0;1;0;0.04;3;2;3;8
470;0.80;0;0;1;0;0;2;1;0.10;0;1;0;0.56;0.64;0.63;1;1;0;0;1;0.10;2;2;3;7
471;0.96;0;0;1;0;0;1;0;0.26;1;0;0;0.33;0.45;0.50;2;1;1;1;0;0.34;1;2;2;5
472;0.18;0;0;0;0;1;1;0;0.12;1;0;0;0.65;0.50;1.00;0;0;0;0;0;0.00;3;3;3;9
473;0.00;1;0;1;0;0;1;0;0.47;0;0;1;0.07;0.17;0.25;0;0;0;0;0;0.02;3;2;1;6
474;0.37;1;0;0;0;1;1;0;0.96;0;0;1;0.73;0.55;1.00;2;1;1;1;0;0.01;3;3;3;9
475;0.71;0;0;1;0;0;3;0;0.71;1;0;0;0.48;0.55;0.63;1;0;1;0;0;0.17;2;2;3;7
476;0.33;1;0;0;0;1;2;0;0.69;1;0;0;0.63;0.54;0.88;1;0;0;1;0;0.15;2;3;3;8
477;0.39;1;0;0;0;1;2;0;0.78;0;0;1;0.24;0.27;0.63;0;0;0;0;0;0.08;3;2;1;6
478;0.94;1;1;0;0;0;1;1;0.69;1;0;0;0.48;0.65;0.50;0;0;0;0;0;0.13;2;2;3;7
479;0.06;0;0;0;0;1;1;0;0.22;0;1;0;0.35;0.48;0.50;2;1;0;0;1;0.16;2;2;2;6
480;0.82;1;0;0;0;1;2;1;0.12;0;1;0;0.40;0.34;0.88;1;1;0;0;1;0.12;2;3;2;7
481;0.02;0;0;0;0;1;2;0;0.65;0;1;0;1.00;0.76;1.00;1;0;0;1;0;0.43;1;3;3;7
482;0.39;1;1;0;0;0;2;1;0.71;0;1;0;0.77;0.59;1.00;2;0;0;0;1;0.24;1;3;3;7
483;0.71;0;0;0;1;0;2;0;0.69;1;0;0;0.37;0.42;0.63;1;1;0;0;1;0.17;2;2;2;6
484;0.08;1;0;0;1;0;1;0;0.88;1;0;0;0.29;0.28;0.75;0;0;0;0;0;0.13;2;2;2;6
485;0.31;1;1;0;0;0;2;0;0.57;1;0;0;0.63;0.61;0.75;1;0;0;1;0;0.03;3;2;3;8
486;0.94;0;0;0;0;1;1;0;0.10;0;0;1;0.22;0.38;0.38;2;1;1;0;1;0.17;2;2;1;5
487;0.92;0;0;0;0;1;1;0;0.69;1;0;0;0.48;0.47;0.75;2;1;0;1;0;0.02;3;2;3;8
488;0.20;0;0;1;0;0;2;1;0.67;1;0;0;0.11;0.79;0.00;0;0;0;0;0;0.26;1;1;1;3
489;0.88;1;0;0;1;0;3;0;0.24;0;0;1;0.32;0.37;0.63;0;0;0;0;0;0.12;2;2;2;6
490;0.78;0;0;0;0;1;1;0;0.82;0;0;1;0.61;0.59;0.75;2;1;0;0;1;0.12;2;2;3;7
491;0.59;1;0;0;0;1;2;1;0.90;0;1;0;0.44;0.50;0.63;1;0;0;1;0;0.15;2;2;2;6
492;0.53;0;0;0;1;0;1;0;0.78;0;0;1;0.44;0.60;0.50;0;0;0;0;0;0.03;3;2;2;7
493;0.84;1;0;0;0;1;3;0;0.90;0;0;1;0.29;0.49;0.38;0;0;0;0;0;0.08;2;2;2;6
494;0.61;1;1;0;0;0;2;0;0.24;1;0;0;0.08;0.54;0.00;1;0;1;0;0;0.60;1;1;1;3
495;0.39;1;0;0;0;1;1;0;0.75;0;0;1;0.51;0.58;0.63;1;1;0;1;0;0.06;3;2;3;8
496;0.12;0;0;0;0;1;3;0;0.02;0;1;0;0.06;0.22;0.13;1;0;0;0;1;0.63;1;1;1;3
497;0.18;1;0;0;1;0;3;0;0.82;1;0;0;0.46;0.52;0.63;2;1;1;0;0;0.05;3;2;2;7
498;0.53;0;1;0;0;0;1;1;0.10;0;1;0;0.22;0.77;0.13;0;0;0;0;0;0.45;1;1;1;3
499;0.92;1;0;1;0;0;2;0;0.04;1;0;0;0.13;0.46;0.13;1;0;1;0;0;0.10;2;1;1;4
500;0.69;1;0;0;1;0;2;0;0.94;0;0;1;0.72;0.54;1.00;0;0;0;0;0;0.18;2;3;3;8
501;0.37;1;0;1;0;0;1;0;0.51;0;0;1;0.39;0.33;0.88;0;0;0;0;0;0.01;3;3;2;8
502;0.24;1;0;1;0;0;3;0;0.78;1;0;0;0.21;0.35;0.38;2;1;1;0;1;0.12;2;2;1;5
503;0.35;0;1;0;0;0;3;0;0.51;0;1;0;0.39;0.45;0.63;0;0;0;0;0;0.08;2;2;2;6
504;0.96;1;0;1;0;0;3;0;0.98;1;0;0;0.16;0.37;0.25;1;1;0;0;1;0.61;1;2;1;4
505;0.20;1;1;0;0;0;3;0;0.45;1;0;0;0.68;0.66;0.75;2;1;1;0;0;0.03;3;2;3;8
506;0.67;0;0;0;0;1;1;1;0.02;0;0;1;0.30;0.51;0.38;2;1;1;1;0;0.81;1;2;2;5
507;0.65;1;1;0;0;0;3;1;0.51;0;0;1;0.69;0.52;1.00;2;1;1;1;0;0.23;2;3;3;8
508;0.84;0;0;0;1;0;1;0;0.67;0;0;1;0.45;0.62;0.50;0;0;0;0;0;0.26;1;2;2;5
509;0.06;0;0;1;0;0;2;1;0.45;0;1;0;0.72;0.55;1.00;1;1;0;1;0;0.01;3;3;3;9
510;0.24;1;1;0;0;0;2;1;0.63;1;0;0;0.11;0.79;0.00;1;1;1;0;0;0.77;1;1;1;3
511;0.71;1;0;0;1;0;3;1;0.39;0;0;1;0.60;0.45;1.00;1;0;1;0;0;0.02;3;3;3;9
512;0.02;0;1;0;0;0;3;0;0.98;1;0;0;0.40;0.55;0.50;0;0;0;0;0;0.08;3;2;2;7
513;0.96;0;0;1;0;0;3;0;0.37;0;0;1;0.05;0.35;0.00;0;0;0;0;0;0.55;1;1;1;3
514;0.00;0;0;1;0;0;2;0;0.02;1;0;0;0.47;0.54;0.63;0;0;0;0;0;0.18;2;2;3;7
515;0.76;0;0;0;1;0;1;0;0.39;0;0;1;0.48;0.55;0.63;0;0;0;0;0;0.08;3;2;3;8
516;0.47;0;0;0;1;0;1;1;0.29;1;0;0;0.18;0.41;0.25;0;0;0;0;0;0.28;1;2;1;4
517;0.71;0;0;0;1;0;1;0;0.22;0;0;1;0.32;0.43;0.50;0;0;0;0;0;0.03;3;2;2;7
518;0.69;0;0;0;1;0;3;1;0.16;1;0;0;0.91;0.69;1.00;2;1;0;1;1;0.14;2;3;3;8
519;0.10;0;0;0;1;0;1;0;0.37;1;0;0;0.56;0.42;1.00;2;1;1;0;0;0.11;2;3;3;8
520;0.12;1;0;1;0;0;3;0;0.18;1;0;0;0.58;0.79;0.50;2;0;1;1;0;0.04;3;2;3;8
521;0.06;0;0;0;0;1;2;1;0.88;0;1;0;0.19;0.65;0.13;2;1;1;0;1;0.74;1;1;1;3
522;0.67;1;0;0;1;0;1;0;0.57;0;1;0;0.75;0.57;1.00;2;1;0;0;1;0.15;2;3;3;8
523;0.78;1;0;0;0;1;3;0;0.22;1;0;0;0.62;0.47;1.00;0;0;0;0;0;0.02;3;3;3;9
524;0.65;0;0;0;1;0;1;0;1.00;0;0;1;0.76;0.57;1.00;1;1;0;0;1;0.11;2;3;3;8
525;0.55;0;0;0;1;0;2;0;0.84;0;1;0;0.13;0.23;0.38;1;1;0;1;0;0.30;1;2;1;4
526;0.08;1;0;0;1;0;1;0;0.61;0;0;1;0.13;0.22;0.38;1;0;0;0;1;0.27;1;2;1;4
527;0.51;1;0;1;0;0;1;0;0.90;0;0;1;0.10;0.23;0.25;0;0;0;0;0;0.03;3;2;1;6
528;0.63;0;0;0;0;1;2;0;0.55;0;0;1;0.40;0.45;0.63;1;0;0;0;1;0.03;3;2;2;7
529;0.88;0;0;1;0;0;3;0;0.53;0;0;1;0.69;0.59;0.88;1;1;0;0;1;0.11;2;3;3;8
530;1.00;0;1;0;0;0;3;1;1.00;1;0;0;0.39;0.44;0.63;0;0;0;0;0;0.10;2;2;2;6
531;0.18;0;0;0;1;0;3;1;0.24;0;0;1;0.59;0.45;1.00;1;1;1;0;0;0.13;2;3;3;8
532;0.10;1;0;0;1;0;1;0;0.78;0;1;0;0.70;0.60;0.88;2;1;1;0;1;0.11;2;3;3;8
533;0.65;1;0;0;0;1;1;0;0.55;1;0;0;0.11;0.78;0.00;1;1;0;0;1;0.31;1;1;1;3
534;0.14;1;0;1;0;0;3;0;0.75;1;0;0;0.16;0.36;0.25;2;1;1;1;0;0.08;3;2;1;6
535;0.59;1;0;1;0;0;3;0;0.35;1;0;0;0.63;0.54;0.88;0;0;0;0;0;0.10;2;3;3;8
536;0.16;1;0;1;0;0;1;0;0.94;1;0;0;0.48;0.82;0.38;1;1;0;0;1;0.37;1;2;3;6
537;0.39;1;0;0;1;0;3;1;0.18;0;0;1;0.61;0.69;0.63;0;0;0;0;0;0.01;3;2;3;8
538;0.14;1;0;0;0;1;3;0;0.12;0;0;1;0.19;0.66;0.13;2;1;0;1;1;0.46;1;1;1;3
539;0.06;0;1;0;0;0;1;0;0.26;1;0;0;0.38;0.43;0.63;2;1;0;1;1;0.32;1;2;2;5
540;0.41;0;1;0;0;0;2;0;0.12;0;0;1;0.19;0.65;0.13;1;1;0;0;1;0.69;1;1;1;3
541;0.53;0;0;1;0;0;1;0;0.78;1;0;0;0.05;0.19;0.13;2;1;1;0;0;0.50;1;1;1;3
542;0.86;0;0;0;0;1;3;0;0.08;1;0;0;0.10;0.23;0.25;0;0;0;0;0;0.24;1;2;1;4
543;0.06;1;0;1;0;0;3;1;0.33;0;0;1;0.28;0.38;0.50;1;1;1;0;0;0.06;3;2;2;7
544;0.75;1;0;1;0;0;2;0;0.73;0;1;0;0.32;0.55;0.38;1;1;1;0;0;0.01;3;2;2;7
545;0.39;0;0;1;0;0;2;1;0.88;0;1;0;0.13;0.46;0.13;2;0;1;1;0;0.25;1;1;1;3
546;0.14;1;1;0;0;0;1;0;0.29;0;0;1;0.17;0.58;0.13;2;0;1;0;0;0.96;1;1;1;3
547;0.37;1;1;0;0;0;2;0;0.59;0;1;0;0.21;0.48;0.25;0;0;0;0;0;0.06;3;2;1;6
548;0.61;1;0;1;0;0;3;0;0.49;0;1;0;0.62;0.47;1.00;0;0;0;0;0;0.03;3;3;3;9
549;0.00;1;0;0;0;1;3;0;0.80;1;0;0;0.10;0.36;0.13;0;0;0;0;0;0.19;2;1;1;4
550;0.10;0;1;0;0;0;3;0;0.80;0;0;1;0.63;0.54;0.88;2;1;1;1;0;0.03;3;3;3;9
551;0.53;0;0;1;0;0;3;0;0.92;1;0;0;0.89;0.68;1.00;2;1;1;0;1;0.08;2;3;3;8
552;0.84;0;1;0;0;0;2;0;0.51;0;1;0;0.31;0.70;0.25;0;0;0;0;0;0.34;1;2;2;5
553;0.59;0;0;0;1;0;3;0;0.94;0;1;0;0.63;0.61;0.75;0;0;0;0;0;0.09;2;2;3;7
554;0.18;1;0;0;1;0;3;0;0.94;1;0;0;0.54;0.61;0.63;1;0;0;0;1;0.02;3;2;3;8
555;0.37;0;1;0;0;0;3;0;0.06;0;1;0;0.11;0.40;0.13;0;0;0;0;0;0.22;2;1;1;4
556;0.14;1;0;1;0;0;1;0;0.86;0;0;1;0.63;0.61;0.75;1;0;0;0;1;0.01;3;2;3;8
557;0.41;0;1;0;0;0;1;0;0.55;0;0;1;0.35;0.79;0.25;2;1;0;0;1;0.05;3;2;2;7
558;0.73;1;0;0;0;1;3;0;0.24;0;0;1;0.51;0.58;0.63;0;0;0;0;0;0.11;2;2;3;7
559;0.55;0;0;1;0;0;2;0;0.88;0;1;0;0.63;0.62;0.75;1;1;1;0;0;0.21;2;2;3;7
560;0.16;1;0;1;0;0;2;1;0.04;1;0;0;0.06;0.20;0.13;0;0;0;0;0;0.06;3;1;1;5
561;0.84;1;0;1;0;0;1;0;0.78;0;0;1;0.40;0.46;0.63;1;0;0;0;1;0.02;3;2;2;7
562;0.90;1;0;1;0;0;1;1;0.53;0;0;1;0.64;0.48;1.00;0;0;0;0;0;0.12;2;3;3;8
563;0.00;1;0;0;0;1;2;0;0.59;1;0;0;0.32;0.44;0.50;0;0;0;0;0;0.03;3;2;2;7
564;0.78;1;1;0;0;0;1;0;0.92;0;0;1;0.55;0.53;0.75;0;0;0;0;0;0.07;3;2;3;8
565;1.00;1;1;0;0;0;1;1;0.61;0;1;0;0.72;0.82;0.63;2;1;0;1;0;0.08;3;2;3;8
566;0.75;1;0;0;1;0;3;0;0.78;0;0;1;0.55;0.54;0.75;0;0;0;0;0;0.08;2;2;3;7
567;0.49;1;0;1;0;0;2;0;0.84;0;0;1;0.14;0.95;0.00;0;0;0;0;0;1.00;1;1;1;3
568;0.20;1;0;0;1;0;3;0;0.65;0;0;1;0.31;0.71;0.25;1;0;0;0;1;0.22;2;2;2;6
569;1.00;0;0;0;0;1;1;0;0.78;0;0;1;0.46;0.52;0.63;1;0;1;0;0;0.07;3;2;2;7
570;0.67;0;1;0;0;0;1;0;0.43;1;0;0;0.70;0.68;0.75;2;1;1;0;1;0.30;1;2;3;6
571;0.45;0;1;0;0;0;1;0;0.16;0;1;0;0.28;0.65;0.25;1;1;0;0;1;0.18;2;2;2;6
572;0.63;0;0;1;0;0;1;0;0.12;0;1;0;0.16;0.54;0.13;0;0;0;0;0;0.01;3;1;1;5
573;0.37;0;1;0;0;0;2;0;0.08;0;1;0;0.39;0.54;0.50;0;0;0;0;0;0.16;2;2;2;6
574;0.51;1;0;0;0;1;2;1;0.35;1;0;0;0.72;0.54;1.00;1;0;0;0;1;0.00;3;3;3;9
575;0.27;0;0;0;0;1;2;0;0.43;1;0;0;0.46;0.35;1.00;2;1;1;1;0;0.17;2;3;2;7
576;0.63;0;0;1;0;0;2;1;0.08;0;1;0;0.22;0.38;0.38;2;1;0;0;1;0.34;1;2;1;4
577;1.00;1;0;0;1;0;3;1;0.71;0;1;0;0.70;0.60;0.88;1;1;0;0;1;0.24;1;3;3;7
578;0.12;0;0;1;0;0;3;0;0.61;1;0;0;0.21;0.48;0.25;1;0;1;0;0;0.21;2;2;1;5
579;0.65;0;0;0;0;1;3;1;0.55;0;0;1;0.12;0.40;0.13;0;0;0;0;0;0.46;1;1;1;3
580;0.86;1;1;0;0;0;1;0;0.24;0;1;0;0.07;0.23;0.13;2;1;1;0;1;0.06;3;1;1;5
581;0.98;0;1;0;0;0;2;0;0.98;1;0;0;0.12;0.41;0.13;1;1;1;0;0;0.51;1;1;1;3
582;0.88;0;1;0;0;0;2;0;0.41;0;0;1;0.55;0.54;0.75;0;0;0;0;0;0.22;2;2;3;7
583;0.80;1;0;0;0;1;2;0;0.82;0;0;1;0.23;0.39;0.38;0;0;0;0;0;0.32;1;2;1;4
584;0.08;1;0;0;1;0;3;0;0.90;0;0;1;0.49;0.48;0.75;2;1;1;0;1;0.38;1;2;3;6
585;0.57;1;0;1;0;0;1;0;0.84;0;0;1;0.50;0.57;0.63;2;0;0;1;1;0.19;2;2;3;7
586;0.53;1;0;0;1;0;1;1;0.67;0;0;1;0.49;0.67;0.50;1;1;0;0;1;0.63;1;2;3;6
587;0.33;0;1;0;0;0;1;0;0.20;0;1;0;0.18;0.42;0.25;1;0;0;1;0;0.12;2;2;1;5
588;0.69;0;0;1;0;0;3;1;0.10;1;0;0;0.51;0.43;0.88;2;1;1;1;0;0.05;3;3;3;9
589;0.04;0;0;0;0;1;2;1;0.22;1;0;0;0.70;0.53;1.00;2;1;1;1;0;0.01;3;3;3;9
590;0.39;1;0;0;0;1;3;0;0.43;1;0;0;0.41;0.31;1.00;0;0;0;0;0;0.08;2;3;2;7
591;0.88;0;0;0;1;0;2;0;0.41;0;0;1;0.06;0.43;0.00;2;1;1;0;1;0.58;1;1;1;3
592;0.29;1;0;1;0;0;1;0;0.90;1;0;0;0.78;0.66;0.88;0;0;0;0;0;0.10;2;3;3;8
593;0.71;0;1;0;0;0;2;0;0.18;0;0;1;0.87;0.66;1.00;1;0;0;0;1;0.01;3;3;3;9
594;0.80;1;0;0;1;0;1;0;0.61;1;0;0;0.75;0.57;1.00;2;1;0;1;1;0.00;3;3;3;9
595;0.08;0;0;0;0;1;1;0;0.98;0;0;1;0.67;0.57;0.88;1;0;0;0;1;0.31;1;3;3;7
596;0.96;0;0;1;0;0;1;0;0.08;1;0;0;0.40;0.54;0.50;0;0;0;0;0;0.28;1;2;2;5
597;0.98;1;0;1;0;0;2;0;0.18;0;1;0;0.51;0.50;0.75;1;1;0;0;1;0.21;2;2;3;7
598;0.25;1;0;0;0;1;3;0;0.82;0;0;1;0.56;0.55;0.75;0;0;0;0;0;0.01;3;2;3;8
599;0.59;1;1;0;0;0;1;0;0.06;0;1;0;0.69;0.52;1.00;2;0;1;0;1;0.28;1;3;3;7
600;0.88;0;1;0;0;0;2;0;0.78;0;0;1;0.25;0.44;0.38;1;1;0;1;0;0.12;2;2;2;6
601;0.45;0;0;0;0;1;1;0;0.51;0;1;0;0.73;0.62;0.88;2;1;1;0;1;0.14;2;3;3;8
602;0.67;1;0;0;0;1;2;1;0.75;1;0;0;0.34;0.26;1.00;0;0;0;0;0;0.20;2;3;2;7
603;0.69;1;1;0;0;0;3;0;0.61;1;0;0;0.43;0.59;0.50;0;0;0;0;0;0.05;3;2;2;7
604;0.18;1;0;0;1;0;1;0;0.63;0;1;0;0.13;0.29;0.25;2;1;1;0;1;0.19;2;2;1;5
605;0.51;1;0;0;1;0;1;1;0.35;1;0;0;0.35;0.60;0.38;0;0;0;0;0;0.02;3;2;2;7
606;0.51;0;0;1;0;0;1;0;0.20;0;1;0;0.08;0.55;0.00;0;0;0;0;0;0.46;1;1;1;3
607;0.43;1;0;1;0;0;3;1;0.16;1;0;0;0.44;0.60;0.50;1;1;1;0;0;0.03;3;2;2;7
608;0.24;1;0;0;1;0;2;0;0.04;1;0;0;0.73;0.55;1.00;1;1;1;0;0;0.01;3;3;3;9
609;0.29;0;0;1;0;0;1;0;0.65;0;1;0;0.03;0.22;0.00;2;1;1;0;0;0.45;1;1;1;3
610;0.67;0;0;0;1;0;1;0;0.22;1;0;0;0.44;0.61;0.50;0;0;0;0;0;0.29;1;2;2;5
611;0.51;1;0;1;0;0;3;0;0.20;0;0;1;0.18;0.42;0.25;1;1;1;0;0;0.19;2;2;1;5
612;1.00;0;0;0;1;0;2;0;0.84;0;0;1;0.50;0.49;0.75;2;0;1;0;1;0.05;3;2;3;8
613;0.75;1;0;1;0;0;3;0;0.65;0;0;1;0.18;0.41;0.25;0;0;0;0;0;0.10;2;2;1;5
614;0.90;0;0;1;0;0;3;1;0.49;1;0;0;0.36;0.83;0.25;1;0;0;0;1;0.06;3;2;2;7
615;0.31;0;0;0;1;0;1;0;0.14;0;0;1;0.14;0.32;0.25;2;1;0;0;1;0.54;1;2;1;4
616;0.92;1;1;0;0;0;2;1;0.59;0;0;1;0.49;0.42;0.88;1;1;0;0;1;0.32;1;3;3;7
617;0.78;0;0;0;1;0;1;1;0.04;0;0;1;0.63;0.62;0.75;0;0;0;0;0;0.06;3;2;3;8
618;0.00;1;0;0;1;0;1;1;0.33;1;0;0;0.30;0.29;0.75;2;0;0;1;1;0.07;3;2;2;7
619;0.20;1;0;0;0;1;3;1;0.63;0;0;1;0.07;0.49;0.00;1;1;0;0;1;0.75;1;1;1;3
620;0.22;0;1;0;0;0;3;0;0.24;0;0;1;0.20;0.47;0.25;1;1;1;0;0;0.04;3;2;1;6
621;0.25;0;0;1;0;0;1;0;0.65;0;0;1;0.06;0.21;0.13;1;0;0;0;1;0.89;1;1;1;3
622;0.14;1;1;0;0;0;3;0;0.96;0;0;1;0.22;0.30;0.50;1;1;0;1;0;0.07;3;2;1;6
623;0.59;0;1;0;0;0;3;0;0.84;0;0;1;0.32;0.31;0.75;2;1;0;1;0;0.12;2;2;2;6
624;0.12;0;1;0;0;0;2;0;0.37;0;1;0;0.27;0.47;0.38;0;0;0;0;0;0.37;1;2;2;5
625;0.88;0;0;0;0;1;1;1;0.06;1;0;0;0.72;0.55;1.00;0;0;0;0;0;0.03;3;3;3;9
626;0.59;1;0;0;0;1;1;0;0.33;0;1;0;0.71;0.61;0.88;0;0;0;0;0;0.08;3;3;3;9
627;0.29;0;0;1;0;0;2;1;1.00;0;1;0;0.57;0.65;0.63;1;0;0;0;1;0.33;1;2;3;6
628;0.80;0;0;0;1;0;3;0;0.86;0;1;0;0.02;0.14;0.00;1;0;0;1;0;0.68;1;1;1;3
629;0.75;1;1;0;0;0;2;0;0.37;0;0;1;0.19;0.44;0.25;2;1;0;0;1;0.21;2;2;1;5
630;0.84;0;0;1;0;0;2;1;0.90;0;1;0;0.28;0.95;0.13;1;1;0;1;0;0.27;1;1;2;4
631;0.35;1;0;1;0;0;2;0;0.31;0;1;0;0.07;0.48;0.00;2;1;1;1;0;0.66;1;1;1;3
632;0.14;1;0;0;0;1;3;0;0.84;0;0;1;0.31;0.36;0.63;1;1;0;1;0;0.15;2;2;2;6
633;0.55;1;0;0;1;0;2;0;0.75;0;0;1;0.59;0.50;0.88;2;1;0;0;1;0.01;3;3;3;9
634;0.02;1;0;0;1;0;1;0;0.47;1;0;0;0.31;0.53;0.38;2;1;1;1;0;0.26;1;2;2;5
635;0.80;0;0;0;0;1;3;0;0.53;0;0;1;0.46;0.63;0.50;1;1;0;0;1;0.60;1;2;2;5
636;0.04;1;1;0;0;0;2;0;0.14;0;0;1;0.31;0.42;0.50;2;1;0;1;0;0.12;2;2;2;6
637;0.98;1;0;0;0;1;2;0;0.98;0;0;1;0.48;0.41;0.88;1;0;0;0;1;0.21;2;3;3;8
638;0.55;1;0;1;0;0;2;0;0.43;0;1;0;0.05;0.20;0.13;0;0;0;0;0;0.25;1;1;1;3
639;0.27;0;0;0;0;1;2;0;0.59;0;1;0;0.55;0.47;0.88;1;1;0;1;0;0.01;3;3;3;9
640;0.73;1;0;0;1;0;2;0;0.92;0;1;0;0.71;0.61;0.88;2;1;1;0;1;0.03;3;3;3;9
641;0.53;1;1;0;0;0;2;1;0.14;0;0;1;0.51;0.38;1.00;2;1;1;1;0;0.10;2;3;3;8
642;0.71;1;0;1;0;0;1;0;0.12;0;0;1;0.47;0.53;0.63;1;1;1;0;0;0.49;1;2;3;6
643;0.61;1;0;1;0;0;3;1;0.55;0;0;1;0.31;0.30;0.75;0;0;0;0;0;0.01;3;2;2;7
644;0.57;1;0;0;1;0;1;1;0.88;1;0;0;0.08;0.27;0.13;1;0;0;0;1;0.16;2;1;1;4
645;0.98;1;0;0;0;1;2;0;0.94;0;1;0;0.09;0.66;0.00;2;1;0;0;1;0.43;1;1;1;3
646;0.90;1;0;1;0;0;2;1;0.35;0;1;0;0.05;0.33;0.00;0;0;0;0;0;0.67;1;1;1;3
647;0.57;1;0;0;0;1;2;0;0.49;1;0;0;0.00;0.03;0.00;2;1;1;0;1;0.99;1;1;1;3
648;0.98;1;0;1;0;0;1;0;0.57;0;1;0;0.30;0.69;0.25;1;0;0;0;1;0.51;1;2;2;5
649;0.65;1;0;0;1;0;2;0;0.53;0;1;0;0.22;0.38;0.38;1;1;0;1;0;0.14;2;2;1;5
650;0.24;1;0;1;0;0;1;1;0.78;0;0;1;0.15;0.50;0.13;1;0;1;0;0;0.01;3;1;1;5
651;0.63;1;0;1;0;0;3;0;0.53;0;0;1;0.43;0.42;0.75;0;0;0;0;0;0.06;3;2;2;7
652;0.80;0;1;0;0;0;1;0;0.82;0;1;0;0.37;0.50;0.50;2;1;1;0;1;0.22;2;2;2;6
653;0.31;0;0;1;0;0;1;0;0.02;1;0;0;0.11;0.79;0.00;1;0;0;0;1;0.34;1;1;1;3
654;0.04;1;0;0;1;0;3;0;0.39;1;0;0;0.42;0.32;1.00;1;0;0;1;0;0.17;2;3;2;7
655;0.16;0;0;1;0;0;2;0;0.53;1;0;0;0.62;0.47;1.00;2;1;1;1;0;0.41;1;3;3;7
656;1.00;0;0;0;1;0;1;0;0.71;1;0;0;0.46;0.45;0.75;0;0;0;0;0;0.13;2;2;2;6
657;0.20;0;0;0;0;1;3;1;0.33;0;0;1;0.33;0.46;0.50;1;0;0;0;1;0.33;1;2;2;5
658;0.94;1;0;0;1;0;1;1;0.26;1;0;0;0.33;0.38;0.63;1;1;0;0;1;0.30;1;2;2;5
659;0.51;0;0;0;0;1;1;0;0.20;0;1;0;0.49;0.56;0.63;2;1;1;0;1;0.09;2;2;3;7
660;0.53;0;0;1;0;0;3;0;0.16;1;0;0;0.79;0.67;0.88;2;1;1;0;1;0.21;2;3;3;8
661;0.02;1;0;0;1;0;1;0;0.55;1;0;0;0.46;0.40;0.88;0;0;0;0;0;0.02;3;3;3;9
662;0.00;0;1;0;0;0;3;0;0.53;1;0;0;0.22;0.38;0.38;0;0;0;0;0;0.48;1;2;1;4
663;0.10;0;0;0;1;0;1;0;0.06;1;0;0;0.34;0.39;0.63;1;1;1;0;0;0.29;1;2;2;5
664;0.47;0;0;0;0;1;2;0;0.92;0;0;1;0.58;0.66;0.63;1;1;1;0;0;0.10;2;2;3;7
665;0.67;0;0;0;0;1;3;0;0.73;0;0;1;0.41;0.57;0.50;1;1;1;0;0;0.35;1;2;2;5
666;0.29;1;1;0;0;0;2;0;0.84;0;0;1;0.14;0.95;0.00;0;0;0;0;0;0.99;1;1;1;3
667;0.06;0;0;0;1;0;1;0;0.16;0;0;1;0.42;0.48;0.63;1;0;0;1;0;0.35;1;2;2;5
668;0.90;1;0;1;0;0;2;0;0.65;0;1;0;0.49;0.48;0.75;1;1;0;0;1;0.02;3;2;3;8
669;0.73;0;0;0;1;0;3;0;0.39;0;1;0;0.66;0.56;0.88;2;1;1;1;0;0.17;2;3;3;8
670;0.84;0;0;0;1;0;1;0;0.24;0;0;1;0.04;0.29;0.00;0;0;0;0;0;0.16;2;1;1;4
671;0.37;0;0;0;1;0;3;0;0.92;0;0;1;0.76;0.58;1.00;1;0;1;0;0;0.06;3;3;3;9
672;0.47;0;1;0;0;0;1;0;0.92;1;0;0;0.02;0.16;0.00;2;0;0;0;1;0.61;1;1;1;3
673;0.12;0;1;0;0;0;2;0;0.26;1;0;0;0.52;0.45;0.88;2;0;1;0;1;0.07;3;3;3;9
674;0.39;1;1;0;0;0;2;1;0.90;0;0;1;0.68;0.52;1.00;2;1;1;0;1;0.29;1;3;3;7
675;0.12;1;1;0;0;0;3;0;0.98;0;0;1;0.73;0.55;1.00;2;0;0;1;0;0.01;3;3;3;9
676;0.55;1;1;0;0;0;3;0;0.92;1;0;0;0.27;0.37;0.50;0;0;0;0;0;0.00;3;2;2;7
677;1.00;0;0;1;0;0;1;1;0.14;0;1;0;0.09;0.62;0.00;2;1;1;0;0;0.71;1;1;1;3
678;0.12;1;0;0;1;0;3;0;0.96;0;0;1;0.25;0.43;0.38;1;0;1;0;0;0.06;3;2;2;7
679;0.04;0;0;0;1;0;3;0;0.96;0;1;0;0.50;0.49;0.75;2;1;0;1;0;0.01;3;2;3;8
680;0.55;1;0;1;0;0;2;0;0.33;0;1;0;0.73;0.56;1.00;0;0;0;0;0;0.05;3;3;3;9
681;0.55;1;0;1;0;0;3;0;0.65;1;0;0;0.43;0.74;0.38;0;0;0;0;0;0.27;1;2;2;5
682;0.75;1;0;1;0;0;3;1;0.18;1;0;0;0.32;0.44;0.50;1;0;0;0;1;0.04;3;2;2;7
683;0.73;0;0;1;0;0;1;0;0.53;0;0;1;0.41;0.56;0.50;2;1;0;1;0;0.10;2;2;2;6
684;0.10;1;1;0;0;0;2;0;0.98;1;0;0;0.36;0.50;0.50;1;0;0;1;0;0.13;2;2;2;6
685;0.88;0;0;0;1;0;2;1;0.82;0;1;0;0.16;0.54;0.13;0;0;0;0;0;0.81;1;1;1;3
686;0.18;1;0;1;0;0;1;0;0.96;0;1;0;0.30;0.51;0.38;0;0;0;0;0;0.08;3;2;2;7
687;0.71;0;0;0;0;1;2;0;0.41;0;0;1;0.43;0.32;1.00;1;0;0;0;1;0.04;3;3;2;8
688;0.25;0;0;1;0;0;1;0;0.12;0;1;0;0.67;0.51;1.00;2;1;0;0;1;0.05;3;3;3;9
689;0.41;0;0;0;1;0;1;0;0.22;1;0;0;0.26;0.45;0.38;0;0;0;0;0;0.03;3;2;2;7
690;0.61;0;0;0;0;1;3;0;0.59;0;0;1;0.19;0.43;0.25;0;0;0;0;0;0.03;3;2;1;6
691;0.33;0;0;1;0;0;3;1;0.14;1;0;0;0.20;0.69;0.13;0;0;0;0;0;0.11;2;1;1;4
692;0.69;0;1;0;0;0;1;0;0.59;0;1;0;0.42;0.57;0.50;0;0;0;0;0;0.11;2;2;2;6
693;0.88;0;1;0;0;0;3;0;0.88;1;0;0;0.64;0.54;0.88;1;0;1;0;0;0.05;3;3;3;9
694;1.00;0;0;0;0;1;3;0;0.08;0;0;1;0.44;0.43;0.75;0;0;0;0;0;0.25;1;2;2;5
695;0.16;0;1;0;0;0;2;1;0.49;1;0;0;0.77;0.58;1.00;2;1;0;0;1;0.02;3;3;3;9
696;0.49;0;0;0;0;1;2;1;0.06;0;1;0;0.01;0.11;0.00;1;1;1;0;0;0.79;1;1;1;3
697;0.41;1;0;1;0;0;3;0;0.24;0;0;1;0.14;0.49;0.13;0;0;0;0;0;0.30;1;1;1;3
698;0.88;0;0;0;1;0;1;0;0.71;0;1;0;0.08;0.27;0.13;0;0;0;0;0;0.15;2;1;1;4
699;0.73;1;0;0;0;1;1;1;0.16;1;0;0;0.29;0.50;0.38;0;0;0;0;0;0.10;2;2;2;6
700;0.43;1;0;1;0;0;3;0;0.78;0;0;1;0.83;0.71;0.88;2;1;0;0;1;0.30;1;3;3;7
701;0.31;0;0;0;0;1;3;0;0.84;0;0;1;0.71;0.54;1.00;0;0;0;0;0;0.17;2;3;3;8
702;0.49;1;0;0;1;0;1;1;0.78;1;0;0;0.20;0.27;0.50;0;0;0;0;0;0.21;2;2;1;5
703;0.90;0;1;0;0;0;2;0;0.31;1;0;0;0.38;0.37;0.75;2;0;1;0;1;0.16;2;2;2;6
704;0.73;0;1;0;0;0;2;0;0.10;0;1;0;0.28;0.64;0.25;0;0;0;0;0;0.69;1;2;2;5
705;0.02;1;0;0;0;1;1;0;0.82;0;1;0;0.53;0.51;0.75;2;1;0;0;1;0.36;1;2;3;6
706;0.10;0;0;0;1;0;3;0;0.33;0;0;1;0.03;0.21;0.00;1;1;0;1;0;0.62;1;1;1;3
707;0.12;1;0;1;0;0;2;0;0.94;0;0;1;0.01;0.07;0.00;1;1;0;0;1;0.73;1;1;1;3
708;0.24;1;0;1;0;0;1;0;0.57;0;1;0;0.24;0.54;0.25;1;1;0;1;0;0.05;3;2;1;6
709;0.51;1;0;1;0;0;3;0;0.26;1;0;0;0.10;0.70;0.00;0;0;0;0;0;0.66;1;1;1;3
710;0.20;1;0;0;0;1;3;0;0.84;0;1;0;0.40;0.46;0.63;0;0;0;0;0;0.07;3;2;2;7
711;0.27;0;1;0;0;0;2;0;0.22;0;1;0;0.11;0.79;0.00;1;1;1;0;0;0.61;1;1;1;3
712;0.16;0;0;0;0;1;3;0;0.75;1;0;0;0.34;0.47;0.50;2;0;0;0;1;0.08;3;2;2;7
713;0.14;0;0;0;0;1;1;0;0.06;0;1;0;0.53;0.45;0.88;1;0;0;0;1;0.15;2;3;3;8
714;0.88;1;0;0;0;1;1;0;0.16;1;0;0;0.34;0.29;0.88;0;0;0;0;0;0.02;3;3;2;8
715;0.10;0;0;1;0;0;1;0;0.78;0;0;1;0.16;0.56;0.13;1;1;0;0;1;0.40;1;1;1;3
716;0.92;1;0;0;1;0;1;1;0.96;1;0;0;0.95;0.72;1.00;2;1;0;0;1;0.12;2;3;3;8
717;0.82;1;0;0;0;1;3;0;0.69;0;1;0;0.57;0.56;0.75;2;1;0;1;1;0.26;1;2;3;6
718;0.06;1;0;1;0;0;1;0;0.78;1;0;0;0.54;0.62;0.63;1;1;0;1;0;0.21;2;2;3;7
719;0.20;1;0;0;0;1;2;0;0.86;0;0;1;0.13;0.44;0.13;0;0;0;0;0;0.27;1;1;1;3
720;0.98;1;0;0;0;1;3;0;0.49;0;1;0;0.46;0.52;0.63;2;1;0;1;1;0.28;1;2;2;5
721;0.53;1;0;1;0;0;3;0;0.37;0;1;0;0.27;0.37;0.50;0;0;0;0;0;0.47;1;2;2;5
722;0.49;0;0;0;1;0;3;0;0.51;0;1;0;0.24;0.55;0.25;1;1;0;0;1;0.07;3;2;1;6
723;0.06;0;0;0;1;0;1;0;0.26;0;1;0;0.63;0.62;0.75;2;0;0;1;1;0.16;2;2;3;7
724;0.27;0;1;0;0;0;3;0;0.80;0;1;0;0.14;0.48;0.13;1;1;0;1;0;0.62;1;1;1;3
725;0.35;1;0;0;0;1;1;0;0.45;1;0;0;0.18;0.63;0.13;0;0;0;0;0;0.68;1;1;1;3
726;0.10;1;1;0;0;0;1;0;0.61;0;0;1;0.60;0.52;0.88;1;0;1;0;0;0.03;3;3;3;9
727;0.08;0;0;1;0;0;3;0;0.61;1;0;0;0.37;0.42;0.63;0;0;0;0;0;0.02;3;2;2;7
728;0.33;0;0;0;0;1;3;0;0.75;0;1;0;0.46;0.62;0.50;1;1;1;0;0;0.16;2;2;2;6
729;0.10;0;0;1;0;0;1;0;0.92;1;0;0;0.04;0.16;0.13;1;0;0;1;0;0.03;3;1;1;5
730;0.59;1;1;0;0;0;3;0;0.88;0;1;0;0.37;0.42;0.63;1;0;0;0;1;0.30;1;2;2;5
731;0.47;0;0;1;0;0;3;0;0.31;0;0;1;0.46;0.39;0.88;0;0;0;0;0;0.25;1;3;2;6
732;0.06;0;0;1;0;0;1;0;0.71;1;0;0;0.55;0.42;1.00;1;1;0;1;0;0.32;1;3;3;7
733;0.10;1;0;0;1;0;1;1;0.12;0;0;1;0.20;0.46;0.25;2;1;0;1;0;0.14;2;2;1;5
734;0.78;1;0;0;0;1;3;0;0.22;1;0;0;0.31;0.42;0.50;2;1;1;1;0;0.17;2;2;2;6
735;0.71;0;0;0;0;1;1;0;0.57;0;1;0;0.64;0.54;0.88;2;1;0;0;1;0.05;3;3;3;9
736;0.96;0;0;0;0;1;1;0;0.61;0;1;0;0.17;0.39;0.25;1;1;1;0;0;0.42;1;2;1;4
737;0.47;1;0;1;0;0;2;0;0.33;1;0;0;0.63;0.48;1.00;2;1;0;1;1;0.12;2;3;3;8
738;0.65;1;0;0;1;0;3;0;0.57;1;0;0;0.20;0.45;0.25;2;1;1;0;0;0.64;1;2;1;4
739;0.35;1;1;0;0;0;3;0;0.51;0;0;1;0.10;0.34;0.13;0;0;0;0;0;0.23;1;1;1;3
740;0.65;1;0;0;0;1;3;0;0.98;0;0;1;0.62;0.47;1.00;1;0;1;0;0;0.08;2;3;3;8
741;0.27;0;0;1;0;0;3;0;0.61;0;1;0;0.68;0.58;0.88;1;0;1;0;0;0.05;3;3;3;9
742;0.96;0;0;0;1;0;3;1;0.92;0;0;1;0.17;0.59;0.13;0;0;0;0;0;0.52;1;1;1;3
743;0.14;0;0;0;1;0;1;0;0.29;0;0;1;0.33;0.56;0.38;2;0;1;0;1;0.05;3;2;2;7
744;0.84;0;0;0;0;1;3;0;0.55;0;1;0;0.33;0.38;0.63;0;0;0;0;0;0.22;2;2;2;6
745;0.90;0;0;0;1;0;3;0;0.98;0;1;0;0.78;0.59;1.00;0;0;0;0;0;0.10;2;3;3;8
746;0.94;1;0;0;1;0;2;0;0.61;1;0;0;0.18;0.61;0.13;1;0;0;1;0;0.20;2;1;1;4
747;0.65;1;0;1;0;0;1;0;0.20;0;0;1;0.28;0.49;0.38;2;1;1;0;1;0.02;3;2;2;7
748;0.33;0;1;0;0;0;3;1;0.41;1;0;0;0.08;0.29;0.13;0;0;0;0;0;0.12;2;1;1;4
749;0.57;1;0;0;1;0;3;0;0.90;0;0;1;0.18;0.41;0.25;2;1;1;1;0;0.03;3;2;1;6
750;0.24;0;1;0;0;0;3;0;0.14;0;1;0;0.77;0.65;0.88;2;1;0;0;1;0.07;3;3;3;9
751;0.90;0;0;0;1;0;3;0;0.69;0;1;0;0.34;0.39;0.63;1;0;1;0;0;0.27;1;2;2;5
752;0.63;0;0;0;1;0;1;0;0.55;0;1;0;0.61;0.46;1.00;2;0;0;0;1;0.07;3;3;3;9
753;0.67;0;0;0;1;0;2;1;0.47;0;0;1;0.46;0.52;0.63;2;1;1;1;0;0.13;2;2;2;6
754;1.00;1;0;0;0;1;2;0;0.94;0;1;0;0.33;0.56;0.38;0;0;0;0;0;0.19;2;2;2;6
755;0.45;0;0;0;0;1;3;0;0.92;0;1;0;0.16;0.36;0.25;0;0;0;0;0;0.54;1;2;1;4
756;0.49;0;0;0;0;1;2;0;0.51;1;0;0;0.61;0.70;0.63;0;0;0;0;0;0.62;1;2;3;6
757;0.90;0;1;0;0;0;2;1;0.57;1;0;0;0.44;0.60;0.50;1;0;0;0;1;0.15;2;2;2;6
758;0.98;1;1;0;0;0;2;0;0.37;0;0;1;0.51;0.39;1.00;2;1;0;1;1;0.05;3;3;3;9
759;0.84;0;0;0;0;1;2;0;0.26;0;1;0;0.17;0.58;0.13;1;0;1;0;0;0.82;1;1;1;3
760;0.80;1;1;0;0;0;2;0;0.26;0;0;1;0.14;0.96;0.00;2;1;0;1;1;0.66;1;1;1;3
761;0.90;1;0;1;0;0;1;0;0.92;0;0;1;0.38;0.29;1.00;1;0;0;0;1;0.04;3;3;2;8
762;0.00;0;1;0;0;0;1;1;0.69;1;0;0;0.76;0.58;1.00;1;1;1;0;0;0.30;1;3;3;7
763;0.24;1;0;1;0;0;1;1;0.29;1;0;0;0.20;0.28;0.50;2;0;1;0;1;0.14;2;2;1;5
764;0.18;1;0;0;0;1;2;0;0.57;1;0;0;0.14;1.00;0.00;0;0;0;0;0;0.96;1;1;1;3
765;0.35;0;0;1;0;0;1;0;0.26;0;0;1;0.32;0.43;0.50;1;0;0;1;0;0.31;1;2;2;5
766;0.08;0;0;0;0;1;2;0;0.69;0;1;0;0.27;0.61;0.25;2;0;1;0;1;0.58;1;2;2;5
767;0.14;1;0;0;0;1;2;0;0.10;1;0;0;0.65;0.55;0.88;0;0;0;0;0;0.03;3;3;3;9
768;0.06;0;0;0;0;1;1;0;0.82;1;0;0;0.31;0.43;0.50;0;0;0;0;0;0.38;1;2;2;5
769;0.94;1;1;0;0;0;3;0;0.20;1;0;0;0.37;0.51;0.50;2;1;1;1;0;0.51;1;2;2;5
770;0.24;0;0;0;1;0;2;0;0.73;0;1;0;0.28;0.33;0.63;2;1;0;1;1;0.15;2;2;2;6
771;0.73;0;0;0;1;0;2;0;0.12;0;0;1;0.44;0.43;0.75;2;1;1;1;0;0.05;3;2;2;7
772;0.88;0;0;1;0;0;1;0;0.43;0;0;1;0.33;0.57;0.38;2;1;0;1;1;0.18;2;2;2;6
773;0.94;1;0;0;1;0;2;0;0.71;0;1;0;0.57;0.48;0.88;0;0;0;0;0;0.04;3;3;3;9
774;0.88;1;0;0;0;1;2;0;0.33;0;0;1;0.01;0.08;0.00;0;0;0;0;0;0.93;1;1;1;3
775;0.35;1;0;0;1;0;2;1;0.41;0;1;0;0.47;0.64;0.50;1;0;0;0;1;0.08;2;2;3;7
776;1.00;0;0;1;0;0;1;0;0.63;1;0;0;0.49;0.66;0.50;2;1;1;0;1;0.02;3;2;3;8
777;0.96;1;0;0;0;1;3;1;0.10;0;1;0;0.44;0.50;0.63;0;0;0;0;0;0.25;1;2;2;5
778;0.14;0;1;0;0;0;3;0;0.12;0;0;1;0.61;0.46;1.00;2;1;1;1;0;0.14;2;3;3;8
779;0.51;0;0;0;0;1;1;0;0.04;1;0;0;0.46;0.52;0.63;1;0;0;1;0;0.08;2;2;2;6
780;0.96;1;0;0;0;1;2;0;0.80;1;0;0;0.62;0.61;0.75;1;1;1;0;0;0.08;2;2;3;7
781;0.90;0;0;1;0;0;3;0;0.45;1;0;0;0.16;0.55;0.13;1;0;0;1;0;0.46;1;1;1;3
782;0.57;1;1;0;0;0;1;1;0.22;1;0;0;0.31;0.42;0.50;1;1;0;0;1;0.22;2;2;2;6
783;0.06;0;0;0;0;1;1;0;0.31;0;1;0;0.33;0.38;0.63;0;0;0;0;0;0.19;2;2;2;6
784;0.20;1;1;0;0;0;2;0;0.26;0;0;1;0.46;0.79;0.38;2;1;0;0;1;0.24;1;2;2;5
785;0.39;0;0;0;0;1;2;0;0.67;0;0;1;0.58;0.56;0.75;1;0;0;0;1;0.03;3;2;3;8
786;0.82;0;0;0;0;1;1;0;0.94;1;0;0;0.63;0.48;1.00;2;1;0;0;1;0.16;2;3;3;8
787;0.02;1;0;1;0;0;1;0;0.29;0;1;0;0.37;0.32;0.88;2;1;1;0;0;0.10;2;3;2;7
788;0.39;1;0;0;0;1;1;1;0.80;0;0;1;0.31;0.42;0.50;0;0;0;0;0;0.03;3;2;2;7
789;0.31;0;0;0;0;1;3;1;0.04;0;1;0;0.52;0.44;0.88;2;0;1;0;1;0.00;3;3;3;9
790;0.82;1;0;0;0;1;2;0;0.20;0;1;0;0.82;0.62;1.00;1;0;0;0;1;0.09;2;3;3;8
791;0.98;0;0;0;1;0;1;1;0.86;0;1;0;0.13;0.44;0.13;2;0;0;1;1;0.19;2;1;1;4
792;0.55;0;1;0;0;0;2;0;0.61;0;0;1;0.41;0.56;0.50;2;1;0;1;1;0.03;3;2;2;7
793;0.51;0;0;1;0;0;3;0;0.65;0;1;0;0.35;0.40;0.63;1;0;0;1;0;0.47;1;2;2;5
794;0.45;0;0;1;0;0;1;0;0.18;0;1;0;0.72;0.82;0.63;2;0;1;0;0;0.08;2;2;3;7
795;0.94;0;0;1;0;0;2;0;0.98;0;0;1;0.29;0.50;0.38;1;0;0;0;1;0.29;1;2;2;5
796;0.04;1;0;0;0;1;3;0;0.33;0;1;0;0.68;0.52;1.00;0;0;0;0;0;0.10;2;3;3;8
797;0.75;1;1;0;0;0;1;0;0.80;0;1;0;0.27;0.46;0.38;1;0;0;1;0;0.07;3;2;2;7
798;0.18;1;0;0;1;0;2;0;0.10;1;0;0;0.28;0.32;0.63;2;0;0;0;1;0.17;2;2;2;6
799;0.04;0;0;0;1;0;1;1;0.94;1;0;0;0.27;0.46;0.38;1;1;0;0;1;0.29;1;2;2;5
800;0.86;1;0;1;0;0;2;0;0.31;0;0;1;0.36;0.49;0.50;2;1;1;1;0;0.03;3;2;2;7
801;0.80;1;1;0;0;0;2;0;0.08;0;1;0;0.48;0.47;0.75;0;0;0;0;0;0.00;3;2;3;8
802;0.49;1;0;0;1;0;3;0;0.49;1;0;0;0.15;0.51;0.13;2;1;0;1;0;0.07;3;1;1;5
803;0.71;0;0;1;0;0;3;0;0.51;0;1;0;0.63;0.54;0.88;1;1;0;0;1;0.01;3;3;3;9
804;0.51;1;0;0;1;0;3;0;0.75;0;1;0;0.65;0.64;0.75;1;0;0;1;0;0.06;3;2;3;8
805;0.08;1;0;0;1;0;3;0;0.49;0;1;0;0.32;0.37;0.63;1;0;1;0;0;0.01;3;2;2;7
806;0.80;1;1;0;0;0;3;1;0.86;0;0;1;0.12;0.28;0.25;1;0;1;0;0;0.15;2;2;1;5
807;0.20;0;0;1;0;0;2;1;0.26;1;0;0;0.36;0.61;0.38;0;0;0;0;0;0.12;2;2;2;6
808;0.24;1;0;0;1;0;3;0;0.41;0;0;1;0.52;0.59;0.63;2;1;0;0;1;0.24;1;2;3;6
809;0.78;0;0;0;0;1;2;0;0.10;1;0;0;0.44;0.33;1.00;0;0;0;0;0;0.07;3;3;2;8
810;0.65;0;0;0;0;1;2;0;0.41;0;0;1;0.38;0.65;0.38;1;0;1;0;0;0.32;1;2;2;5
811;0.73;1;0;0;1;0;1;0;0.37;0;0;1;0.26;0.88;0.13;1;0;1;0;0;0.75;1;1;2;4
812;0.76;0;1;0;0;0;2;1;0.80;1;0;0;0.60;0.59;0.75;2;0;1;0;1;0.03;3;2;3;8
813;0.63;1;1;0;0;0;2;0;1.00;0;1;0;0.65;0.55;0.88;0;0;0;0;0;0.02;3;3;3;9
814;0.65;0;0;0;1;0;3;0;0.06;0;0;1;0.49;0.37;1.00;2;0;0;1;1;0.12;2;3;3;8
815;0.51;1;1;0;0;0;2;0;0.90;0;0;1;0.14;0.50;0.13;0;0;0;0;0;0.04;3;1;1;5
816;0.69;1;1;0;0;0;3;0;0.63;0;0;1;0.38;0.33;0.88;0;0;0;0;0;0.19;2;3;2;7
817;0.49;0;0;0;0;1;2;0;0.61;0;1;0;0.10;0.17;0.38;0;0;0;0;0;0.38;1;2;1;4
818;0.98;1;0;1;0;0;2;0;0.84;0;0;1;0.38;0.33;0.88;1;0;1;0;0;0.04;3;3;2;8
819;0.47;0;0;1;0;0;3;0;0.49;0;1;0;0.29;0.40;0.50;1;1;0;0;1;0.16;2;2;2;6
820;0.35;1;0;0;1;0;1;0;0.10;0;0;1;0.16;0.57;0.13;0;0;0;0;0;0.15;2;1;1;4
821;0.39;0;0;0;1;0;2;0;0.41;1;0;0;0.09;0.31;0.13;1;0;1;0;0;0.32;1;1;1;3
822;0.59;0;0;0;1;0;2;0;0.49;1;0;0;0.67;0.51;1.00;2;1;1;1;0;0.37;1;3;3;7
823;0.55;0;0;0;0;1;3;1;0.35;0;0;1;0.19;0.44;0.25;1;0;0;1;0;0.35;1;2;1;4
824;0.16;0;0;0;0;1;3;0;0.16;0;0;1;0.09;0.64;0.00;0;0;0;0;0;0.48;1;1;1;3
825;0.35;0;1;0;0;0;1;0;0.43;0;1;0;0.32;0.24;1.00;0;0;0;0;0;0.08;3;3;2;8
826;0.49;1;0;0;0;1;1;1;0.29;1;0;0;0.32;0.37;0.63;1;1;1;0;0;0.32;1;2;2;5
827;0.47;1;0;1;0;0;1;1;0.78;0;0;1;0.68;0.78;0.63;0;0;0;0;0;0.05;3;2;3;8
828;0.76;0;0;0;0;1;2;0;0.65;0;0;1;0.40;0.68;0.38;1;1;0;0;1;0.15;2;2;2;6
829;0.82;1;0;0;1;0;2;0;0.73;0;0;1;0.04;0.29;0.00;0;0;0;0;0;0.41;1;1;1;3
830;0.55;1;0;1;0;0;3;0;0.82;0;1;0;0.11;0.40;0.13;0;0;0;0;0;0.19;2;1;1;4
831;0.47;0;1;0;0;0;3;1;0.08;1;0;0;0.42;0.36;0.88;1;1;0;1;0;0.06;3;3;2;8
832;0.35;0;0;1;0;0;3;0;0.43;0;1;0;0.43;0.59;0.50;0;0;0;0;0;0.11;2;2;2;6
833;0.06;0;0;0;0;1;1;0;0.51;1;0;0;0.29;0.40;0.50;1;1;0;1;0;0.15;2;2;2;6
834;0.86;0;0;0;0;1;1;0;0.92;1;0;0;0.45;0.61;0.50;1;1;0;1;0;0.04;3;2;2;7
835;0.37;1;1;0;0;0;1;0;0.02;1;0;0;0.24;0.33;0.50;1;0;1;0;0;0.27;1;2;1;4
836;0.88;1;0;0;1;0;2;1;0.96;1;0;0;0.33;0.38;0.63;2;0;1;0;1;0.47;1;2;2;5
837;0.00;0;1;0;0;0;2;0;0.26;0;1;0;0.47;0.46;0.75;0;0;0;0;0;0.16;2;2;3;7
838;0.20;1;1;0;0;0;3;0;0.33;0;0;1;0.51;0.39;1.00;2;1;1;0;1;0.03;3;3;3;9
839;0.06;1;1;0;0;0;1;0;0.59;1;0;0;0.35;0.48;0.50;0;0;0;0;0;0.04;3;2;2;7
840;0.12;0;1;0;0;0;2;0;0.80;1;0;0;0.29;0.40;0.50;1;0;1;0;0;0.02;3;2;2;7
841;0.53;1;0;0;0;1;1;1;0.59;0;1;0;0.54;0.46;0.88;1;1;0;0;1;0.05;3;3;3;9
842;0.69;1;0;0;1;0;2;0;0.24;1;0;0;0.83;0.71;0.88;1;0;1;0;0;0.08;3;3;3;9
843;0.12;0;0;1;0;0;1;0;0.63;0;1;0;0.31;0.43;0.50;1;0;1;0;0;0.08;3;2;2;7
844;0.37;1;0;0;1;0;2;0;0.41;1;0;0;0.44;0.50;0.63;0;0;0;0;0;0.08;3;2;2;7
845;0.67;1;0;0;1;0;2;0;0.71;0;0;1;0.66;0.56;0.88;0;0;0;0;0;0.02;3;3;3;9
846;0.98;1;1;0;0;0;2;0;0.84;1;0;0;0.49;0.67;0.50;0;0;0;0;0;0.12;2;2;3;7
847;0.98;0;0;0;1;0;2;0;0.57;0;0;1;0.49;0.56;0.63;2;0;1;1;0;0.38;1;2;3;6
848;0.75;0;1;0;0;0;3;1;0.71;1;0;0;0.20;0.69;0.13;2;1;0;1;1;0.15;2;1;1;4
849;0.39;1;0;1;0;0;1;0;0.59;0;1;0;0.24;0.33;0.50;2;1;1;1;0;0.06;3;2;1;6
850;0.84;0;1;0;0;0;2;1;0.90;1;0;0;0.01;0.08;0.00;0;0;0;0;0;0.74;1;1;1;3
851;0.00;1;0;1;0;0;2;0;0.80;0;0;1;0.17;0.58;0.13;1;0;0;1;0;0.05;3;1;1;5
852;0.71;0;0;0;1;0;1;0;0.59;1;0;0;0.17;0.29;0.38;1;1;1;0;0;0.04;3;2;1;6
853;0.88;1;1;0;0;0;2;0;0.69;0;1;0;0.35;0.79;0.25;1;1;1;0;0;0.43;1;2;2;5
854;0.80;0;0;0;0;1;2;0;0.20;1;0;0;0.01;0.10;0.00;2;1;0;1;0;0.17;2;1;1;4
855;0.04;1;0;1;0;0;1;0;0.75;0;0;1;0.78;0.67;0.88;2;1;0;0;1;0.14;2;3;3;8
856;0.65;1;0;0;1;0;3;0;0.98;0;1;0;0.15;0.35;0.25;0;0;0;0;0;0.25;1;2;1;4
857;0.24;0;0;1;0;0;3;1;0.14;1;0;0;0.11;0.76;0.00;1;0;0;0;1;0.47;1;1;1;3
858;0.29;1;1;0;0;0;2;0;0.18;0;1;0;0.06;0.23;0.13;2;0;1;1;0;0.24;1;1;1;3
859;0.65;1;0;0;0;1;3;0;0.33;0;1;0;0.68;0.52;1.00;0;0;0;0;0;0.02;3;3;3;9
860;0.45;0;0;1;0;0;3;0;0.43;1;0;0;0.12;0.41;0.13;2;1;0;0;1;0.07;3;1;1;5
861;0.24;0;0;1;0;0;2;0;0.29;0;1;0;0.07;0.26;0.13;1;0;0;1;0;0.09;2;1;1;4
862;0.10;1;0;1;0;0;2;0;0.04;0;0;1;0.47;0.53;0.63;0;0;0;0;0;0.04;3;2;3;8
863;0.75;1;0;0;1;0;3;0;0.53;0;0;1;0.30;0.30;0.75;2;1;0;1;0;0.10;2;2;2;6
864;0.02;1;0;0;0;1;2;0;0.69;0;1;0;0.45;0.44;0.75;0;0;0;0;0;0.03;3;2;2;7
865;0.20;0;0;0;0;1;2;0;0.96;1;0;0;0.81;0.61;1.00;1;1;0;1;0;0.31;1;3;3;7
866;0.12;0;0;0;0;1;3;0;1.00;0;1;0;0.13;0.44;0.13;0;0;0;0;0;0.47;1;1;1;3
867;0.12;1;0;1;0;0;1;0;0.37;0;1;0;0.29;0.33;0.63;0;0;0;0;0;0.06;3;2;2;7
868;0.75;1;0;1;0;0;3;0;0.24;0;1;0;0.55;0.62;0.63;0;0;0;0;0;0.17;2;2;3;7
869;0.75;1;0;1;0;0;3;1;0.39;0;0;1;0.50;0.49;0.75;2;1;1;0;1;0.22;2;2;3;7
870;0.22;1;0;1;0;0;3;0;0.73;0;1;0;0.10;0.72;0.00;1;1;0;1;0;0.92;1;1;1;3
871;0.98;0;1;0;0;0;2;0;0.78;0;0;1;0.37;0.64;0.38;2;1;1;1;0;0.19;2;2;2;6
872;0.41;1;1;0;0;0;3;0;0.33;0;1;0;0.80;0.68;0.88;0;0;0;0;0;0.06;3;3;3;9
873;0.98;1;0;0;1;0;2;0;0.94;0;1;0;0.25;0.58;0.25;0;0;0;0;0;0.12;2;2;2;6
874;0.98;0;0;1;0;0;1;0;0.16;1;0;0;0.14;0.98;0.00;2;0;0;1;1;0.33;1;1;1;3
875;1.00;0;0;0;1;0;3;0;0.18;0;1;0;0.61;0.52;0.88;0;0;0;0;0;0.03;3;3;3;9
876;0.04;0;0;0;0;1;1;0;0.08;0;0;1;0.57;0.49;0.88;1;0;0;1;0;0.01;3;3;3;9
877;0.24;0;0;1;0;0;3;0;0.73;0;1;0;0.65;0.63;0.75;0;0;0;0;0;0.08;2;2;3;7
878;0.57;1;1;0;0;0;2;0;0.96;0;1;0;0.64;0.55;0.88;0;0;0;0;0;0.23;1;3;3;7
879;0.18;1;0;1;0;0;1;0;0.78;0;0;1;0.09;0.66;0.00;1;0;0;0;1;0.05;3;1;1;5
880;1.00;0;0;0;0;1;3;0;1.00;0;0;1;0.39;0.38;0.75;2;0;0;0;1;0.26;1;2;2;5
881;0.16;0;0;0;1;0;1;0;1.00;0;1;0;0.05;0.38;0.00;2;1;1;1;0;0.30;1;1;1;3
882;0.10;1;0;1;0;0;2;0;0.92;0;1;0;0.22;0.50;0.25;0;0;0;0;0;0.14;2;2;1;5
883;0.84;1;1;0;0;0;2;0;0.08;0;1;0;0.23;0.22;0.75;2;1;1;1;0;0.20;2;2;1;5
884;0.02;1;0;0;0;1;3;0;0.16;0;0;1;0.61;0.46;1.00;1;1;0;0;1;0.07;3;3;3;9
885;0.84;0;0;0;0;1;3;0;0.88;1;0;0;0.72;0.54;1.00;2;1;0;0;1;0.18;2;3;3;8
886;0.29;0;0;0;1;0;1;0;0.14;1;0;0;0.65;0.63;0.75;1;0;1;0;0;0.15;2;2;3;7
887;0.24;0;0;1;0;0;2;0;0.06;0;1;0;0.24;0.41;0.38;2;1;1;0;1;0.41;1;2;1;4
888;0.92;1;1;0;0;0;2;0;0.02;0;0;1;0.13;0.29;0.25;1;1;0;1;0;0.11;2;2;1;5
889;0.24;1;0;1;0;0;3;0;0.08;1;0;0;0.09;0.15;0.38;0;0;0;0;0;0.16;2;2;1;5
890;0.41;1;1;0;0;0;2;0;0.02;1;0;0;0.11;0.37;0.13;2;0;0;1;1;0.49;1;1;1;3
891;0.35;0;0;0;1;0;2;0;0.94;0;1;0;0.47;0.64;0.50;2;1;0;1;1;0.01;3;2;3;8
892;0.49;0;0;0;0;1;2;0;0.86;1;0;0;0.05;0.37;0.00;1;1;0;0;1;0.25;1;1;1;3
893;0.25;1;0;0;1;0;1;0;0.78;1;0;0;0.89;0.68;1.00;2;1;1;1;0;0.26;1;3;3;7
894;0.59;1;0;0;0;1;1;0;0.75;1;0;0;0.29;0.66;0.25;2;1;0;0;1;0.15;2;2;2;6
895;0.55;0;0;1;0;0;1;0;0.24;1;0;0;0.49;0.47;0.75;0;0;0;0;0;0.26;1;2;3;6
896;0.86;0;0;0;0;1;2;0;0.86;0;0;1;0.41;0.35;0.88;1;0;0;0;1;0.21;2;3;2;7
897;0.80;0;1;0;0;0;3;0;0.20;1;0;0;0.63;0.53;0.88;2;1;1;1;0;0.20;2;3;3;8
898;0.41;1;0;0;1;0;3;0;0.96;0;0;1;0.82;0.62;1.00;1;1;0;0;1;0.20;2;3;3;8
899;0.12;1;0;0;0;1;3;1;0.02;0;1;0;0.01;0.08;0.00;1;1;0;0;1;0.43;1;1;1;3
900;0.71;0;0;0;0;1;1;0;0.04;0;0;1;0.10;0.24;0.25;1;0;0;1;0;0.01;3;2;1;6
901;0.94;1;0;1;0;0;2;0;0.24;0;1;0;0.15;0.52;0.13;0;0;0;0;0;0.47;1;1;1;3
902;0.78;0;0;1;0;0;1;0;0.80;0;0;1;0.31;0.30;0.75;2;1;0;0;1;0.06;3;2;2;7
903;0.51;1;0;1;0;0;1;1;0.98;1;0;0;0.22;0.38;0.38;1;0;1;0;0;0.44;1;2;1;4
904;0.59;1;1;0;0;0;3;0;0.73;1;0;0;0.50;0.48;0.75;1;0;1;0;0;0.05;3;2;3;8
905;0.10;1;0;1;0;0;3;0;0.14;0;0;1;0.36;0.31;0.88;1;1;0;1;0;0.19;2;3;2;7
906;0.29;0;0;0;0;1;2;1;0.78;0;1;0;0.36;0.50;0.50;0;0;0;0;0;0.01;3;2;2;7
907;0.73;1;1;0;0;0;1;0;0.51;0;1;0;0.01;0.11;0.00;0;0;0;0;0;0.22;2;1;1;4
908;0.73;0;0;1;0;0;2;0;0.06;0;1;0;0.55;0.42;1.00;2;1;1;1;0;0.10;2;3;3;8
909;0.96;1;0;0;0;1;1;0;0.55;0;0;1;0.21;0.48;0.25;0;0;0;0;0;0.22;2;2;1;5
910;0.61;0;1;0;0;0;2;0;0.49;0;0;1;0.23;0.40;0.38;0;0;0;0;0;0.13;2;2;1;5
911;0.63;0;0;0;0;1;1;0;0.55;1;0;0;0.31;0.71;0.25;0;0;0;0;0;0.40;1;2;2;5
912;0.94;0;0;1;0;0;2;0;0.12;1;0;0;0.56;0.43;1.00;1;1;1;0;0;0.05;3;3;3;9
913;0.31;0;0;1;0;0;1;0;0.51;1;0;0;0.08;0.54;0.00;2;0;0;1;1;0.58;1;1;1;3
914;0.63;0;1;0;0;0;1;0;0.88;0;1;0;0.51;0.50;0.75;2;1;1;0;1;0.06;3;2;3;8
915;0.20;1;0;0;1;0;3;0;0.63;0;0;1;0.53;0.51;0.75;0;0;0;0;0;0.05;3;2;3;8
916;0.24;1;0;0;0;1;1;0;0.90;1;0;0;0.35;0.39;0.63;0;0;0;0;0;0.09;2;2;2;6
917;0.57;0;0;0;0;1;3;0;0.18;1;0;0;0.53;0.45;0.88;1;0;0;0;1;0.07;3;3;3;9
918;0.00;0;0;0;1;0;2;1;0.80;1;0;0;0.33;0.57;0.38;0;0;0;0;0;0.06;3;2;2;7
919;0.57;0;0;0;1;0;3;1;0.59;0;1;0;0.46;0.44;0.75;0;0;0;0;0;0.16;2;2;2;6
920;0.51;1;0;0;0;1;1;0;0.29;1;0;0;0.61;0.46;1.00;1;1;0;0;1;0.24;1;3;3;7
921;0.76;0;1;0;0;0;3;0;0.73;0;0;1;0.52;0.60;0.63;1;1;0;1;0;0.03;3;2;3;8
922;0.43;1;0;0;1;0;3;0;0.59;0;1;0;0.33;0.76;0.25;1;1;1;0;0;0.21;2;2;2;6
923;0.37;0;0;1;0;0;2;0;0.88;0;1;0;0.73;0.55;1.00;2;1;0;1;1;0.17;2;3;3;8
924;0.10;1;1;0;0;0;3;1;0.84;0;1;0;0.22;0.76;0.13;1;1;0;1;0;0.52;1;1;1;3
925;0.71;0;0;0;1;0;2;1;0.78;1;0;0;0.57;0.78;0.50;0;0;0;0;0;0.16;2;2;3;7
926;0.37;1;0;1;0;0;2;1;0.45;0;0;1;0.04;0.32;0.00;0;0;0;0;0;0.25;1;1;1;3
927;0.71;1;0;1;0;0;3;1;0.24;1;0;0;0.43;0.59;0.50;0;0;0;0;0;0.22;2;2;2;6
928;0.10;0;0;0;0;1;1;0;0.82;0;1;0;0.76;0.65;0.88;2;1;0;1;1;0.25;1;3;3;7
929;0.55;0;1;0;0;0;2;0;1.00;0;0;1;0.10;0.72;0.00;0;0;0;0;0;0.46;1;1;1;3
930;0.24;0;0;0;1;0;3;0;0.53;0;1;0;0.24;0.81;0.13;0;0;0;0;0;0.58;1;1;1;3
931;0.51;0;0;1;0;0;2;0;0.94;1;0;0;0.59;0.80;0.50;1;1;0;1;0;0.05;3;2;3;8
932;0.96;1;0;0;0;1;3;0;0.57;0;0;1;0.10;0.71;0.00;1;0;0;1;0;0.91;1;1;1;3
933;0.37;1;0;0;1;0;3;0;0.43;0;1;0;0.02;0.15;0.00;2;1;1;0;1;0.34;1;1;1;3
934;0.24;1;0;1;0;0;1;0;0.55;1;0;0;0.08;0.57;0.00;1;0;0;0;1;0.94;1;1;1;3
935;0.75;1;0;0;0;1;3;1;0.67;0;1;0;0.28;0.47;0.38;2;0;0;0;1;0.57;1;2;2;5
936;0.14;1;0;1;0;0;2;0;0.59;1;0;0;0.76;0.58;1.00;0;0;0;0;0;0.01;3;3;3;9
937;0.31;1;0;0;0;1;2;1;0.49;1;0;0;0.54;0.53;0.75;2;1;1;0;1;0.23;2;2;3;7
938;0.57;0;0;0;0;1;1;0;0.65;0;1;0;0.20;0.47;0.25;1;1;0;1;0;0.42;1;2;1;4
939;0.00;1;1;0;0;0;2;0;0.12;0;1;0;0.11;0.79;0.00;0;0;0;0;0;0.50;1;1;1;3
940;0.45;1;0;0;1;0;1;0;0.55;1;0;0;0.45;0.44;0.75;2;1;1;0;0;0.15;2;2;2;6
941;0.29;1;0;0;0;1;3;0;0.33;0;1;0;0.42;0.48;0.63;0;0;0;0;0;0.02;3;2;2;7
942;0.20;0;0;1;0;0;3;0;0.73;0;0;1;0.45;0.44;0.75;0;0;0;0;0;0.11;2;2;2;6
943;0.06;1;0;0;1;0;3;0;0.96;0;1;0;0.12;0.40;0.13;1;0;0;1;0;0.43;1;1;1;3
944;0.06;0;0;0;1;0;1;0;0.61;0;1;0;0.38;0.52;0.50;2;1;1;0;0;0.30;1;2;2;5
945;0.31;1;0;0;1;0;2;0;0.31;0;1;0;0.16;0.22;0.50;0;0;0;0;0;0.33;1;2;1;4
946;0.94;1;1;0;0;0;2;0;0.16;1;0;0;0.13;0.30;0.25;0;0;0;0;0;0.17;2;2;1;5
947;0.18;0;0;0;0;1;3;1;0.63;0;1;0;0.17;0.40;0.25;1;1;0;0;1;0.31;1;2;1;4
948;0.39;1;0;0;0;1;2;1;0.18;1;0;0;0.42;0.57;0.50;0;0;0;0;0;0.24;1;2;2;5
949;0.73;1;0;0;0;1;1;0;0.86;0;0;1;0.28;0.48;0.38;0;0;0;0;0;0.27;1;2;2;5
950;0.94;0;0;0;0;1;1;0;0.43;0;0;1;0.32;0.55;0.38;0;0;0;0;0;0.08;2;2;2;6
951;0.33;0;0;1;0;0;1;0;0.80;0;0;1;0.44;0.43;0.75;2;1;1;0;1;0.19;2;2;2;6
952;0.18;1;0;0;0;1;1;0;0.80;0;1;0;0.10;0.69;0.00;1;1;0;1;0;0.96;1;1;1;3
953;0.86;1;0;0;1;0;2;0;0.88;0;1;0;0.76;0.58;1.00;2;1;1;0;1;0.03;3;3;3;9
954;0.29;0;0;0;0;1;1;0;0.41;0;0;1;0.59;0.67;0.63;0;0;0;0;0;0.15;2;2;3;7
955;0.75;0;0;0;0;1;2;0;0.53;0;1;0;0.43;0.49;0.63;2;1;1;1;0;0.05;3;2;2;7
956;0.27;0;0;0;0;1;3;0;0.78;0;0;1;0.25;0.58;0.25;0;0;0;0;0;0.34;1;2;2;5
957;0.65;0;0;0;0;1;2;0;0.88;1;0;0;0.01;0.07;0.00;0;0;0;0;0;0.56;1;1;1;3
958;0.08;1;1;0;0;0;1;0;0.29;0;0;1;0.29;0.39;0.50;1;1;1;0;0;0.21;2;2;2;6
959;0.31;1;0;0;1;0;2;0;0.98;0;0;1;0.08;0.57;0.00;0;0;0;0;0;0.57;1;1;1;3
960;0.71;0;1;0;0;0;3;0;0.84;0;0;1;0.46;0.52;0.63;2;1;0;0;1;0.21;2;2;2;6
961;0.14;1;0;0;1;0;3;0;0.43;1;0;0;0.28;0.65;0.25;2;1;0;1;1;0.01;3;2;2;7
962;0.45;0;0;0;0;1;3;1;0.39;0;0;1;0.30;0.51;0.38;2;1;0;0;1;0.12;2;2;2;6
963;0.53;0;0;0;0;1;2;0;0.29;0;0;1;0.19;0.44;0.25;2;0;0;1;0;0.01;3;2;1;6
964;0.90;1;0;0;1;0;1;0;0.18;0;0;1;0.69;0.53;1.00;2;1;0;1;1;0.05;3;3;3;9
965;0.14;0;0;0;1;0;1;1;0.86;1;0;0;0.06;0.43;0.00;1;1;1;0;0;0.19;2;1;1;4
966;0.43;0;1;0;0;0;2;1;0.08;1;0;0;0.62;0.60;0.75;0;0;0;0;0;0.09;2;2;3;7
967;0.67;1;1;0;0;0;1;0;0.47;0;0;1;0.07;0.46;0.00;0;0;0;0;0;0.45;1;1;1;3
968;0.59;1;0;1;0;0;1;0;0.45;0;0;1;0.10;0.35;0.13;1;0;0;1;0;0.65;1;1;1;3
969;0.31;0;0;1;0;0;2;0;0.41;0;0;1;0.38;0.65;0.38;1;1;1;0;0;0.18;2;2;2;6
970;0.53;1;1;0;0;0;3;1;0.39;0;1;0;0.22;0.25;0.63;2;1;1;0;1;0.19;2;2;1;5
971;0.92;1;0;1;0;0;1;1;0.39;1;0;0;0.08;0.29;0.13;0;0;0;0;0;0.41;1;1;1;3
972;0.92;1;1;0;0;0;3;0;0.47;1;0;0;0.32;0.74;0.25;0;0;0;0;0;0.69;1;2;2;5
973;0.98;1;1;0;0;0;1;0;0.63;0;1;0;0.01;0.11;0.00;0;0;0;0;0;0.07;3;1;1;5
974;0.22;1;1;0;0;0;3;0;0.94;1;0;0;0.53;0.60;0.63;0;0;0;0;0;0.10;2;2;3;7
975;0.45;1;0;1;0;0;3;1;0.39;1;0;0;0.56;0.54;0.75;0;0;0;0;0;0.06;3;2;3;8
976;0.27;0;0;0;1;0;1;0;0.90;0;0;1;0.16;0.56;0.13;0;0;0;0;0;0.81;1;1;1;3
977;0.76;1;0;0;0;1;1;0;0.41;0;0;1;0.23;0.52;0.25;2;0;1;1;0;0.37;1;2;1;4
978;0.59;0;0;1;0;0;2;0;0.53;1;0;0;0.43;0.42;0.75;1;1;1;0;0;0.14;2;2;2;6
979;0.51;0;0;0;0;1;1;1;0.01;0;1;0;0.50;0.00;0.75;1;0;0;0;1;0.25;1;2;3;6
980;0.67;0;0;0;0;1;1;0;0.00;0;0;1;0.61;0.00;0.88;1;1;1;0;0;0.02;3;3;3;9
981;0.33;1;0;0;1;0;2;0;0.00;0;1;0;0.08;0.00;0.00;0;0;0;0;0;0.86;1;1;1;3
982;0.69;1;0;1;0;0;3;1;0.00;1;0;0;0.27;0.00;0.63;1;0;0;1;0;0.30;1;2;2;5
983;0.14;0;0;0;0;1;2;0;0.02;1;0;0;0.41;0.00;0.50;2;1;1;0;0;0.11;2;2;2;6
984;0.88;0;0;0;1;0;3;0;0.00;0;1;0;0.33;0.00;0.88;1;0;1;0;0;0.03;3;3;2;8
985;0.94;0;0;0;1;0;2;0;0.01;0;1;0;0.52;0.00;0.50;2;1;0;0;1;0.03;3;2;3;8
986;0.73;0;1;0;0;0;1;0;0.01;0;0;1;0.41;0.00;0.75;2;0;1;1;0;0.23;1;2;2;5
987;0.08;1;0;1;0;0;1;1;0.01;1;0;0;0.50;0.00;0.75;0;0;0;0;0;0.03;3;2;3;8
988;0.25;0;0;0;0;1;3;0;0.01;0;1;0;0.75;0.00;1.00;2;1;1;1;0;0.09;2;3;3;8
989;0.73;1;0;0;1;0;1;1;0.01;0;1;0;0.45;0.00;0.75;2;1;1;0;0;0.29;1;2;2;5
990;0.37;0;0;0;0;1;3;1;0.02;1;0;0;0.14;0.00;0.00;2;1;1;0;1;0.50;1;1;1;3
991;0.84;1;0;1;0;0;2;0;0.00;0;1;0;0.23;0.00;0.25;0;0;0;0;0;0.02;3;2;1;6
992;0.16;1;1;0;0;0;1;0;0.01;0;1;0;0.09;0.00;0.00;1;1;0;0;1;0.76;1;1;1;3
993;0.63;0;0;0;0;1;3;0;0.02;0;1;0;0.02;0.00;0.00;0;0;0;0;0;0.89;1;1;1;3
994;0.33;0;1;0;0;0;2;0;0.02;1;0;0;0.53;0.00;1.00;2;1;1;0;0;0.04;3;3;3;9
995;0.10;0;0;0;1;0;1;1;0.00;0;1;0;0.30;0.00;0.50;1;0;0;1;0;0.01;3;2;2;7
996;0.71;0;1;0;0;0;1;0;0.01;1;0;0;0.06;0.00;0.00;0;0;0;0;0;0.45;1;1;1;3
997;0.02;1;0;0;0;1;3;0;0.02;1;0;0;0.12;0.00;0.13;0;0;0;0;0;0.19;2;1;1;4
998;0.57;1;0;1;0;0;1;0;0.01;0;1;0;0.07;0.00;0.00;0;0;0;0;0;0.29;1;1;1;3
999;0.10;1;0;0;0;1;3;0;0.01;0;1;0;0.71;0.00;1.00;0;0;0;0;0;0.07;3;3;3;9
1000;0.31;1;0;0;0;1;1;0;0.02;1;0;0;0.49;0.00;0.63;0;0;0;0;0;0.05;3;2;3;8
;;;;;;;;;;;;;;;;;;;;;;;;;
;Age;LoginFreq;Total_Amt;Avg_Amt;Jml_Trx;Recency;;;;;;;;;;;;;;;;;;;
MIN;0.00;0;0;0;0;0;;;;;;;;;;;;;;;;;;;
MAX;1.00;1;1;1;1;1;;;;;;;;;;;;;;;;;;;
